post_id,target_like,target_view
41850,0,0
41837,1,1
41830,1,1
41815,1,1
41802,1,1
41798,1,1
41785,1,1
41777,1,1
41766,0,1
41751,1,1
41747,1,1
41745,1,1
41735,1,1
41695,1,1
41540,1,1
41508,1,1
41494,1,1
41492,1,1
41491,1,1
41474,1,1
41457,1,1
41456,1,1
41453,1,1
41448,1,1
41446,1,1
41440,1,1
41435,1,1
41425,1,1
41410,1,1
41404,1,1
41392,1,1
41390,1,1
41383,1,1
41378,1,1
41377,1,1
41376,0,1
41373,1,1
41372,1,1
41359,1,1
41353,1,1
41352,1,1
41350,1,1
41342,1,1
41329,1,1
41316,1,1
41310,1,1
41309,1,1
41306,1,1
41297,1,1
41293,1,1
41249,1,1
41243,1,1
41225,1,1
41219,1,1
41209,1,1
41196,1,1
41191,1,1
41190,1,1
41183,1,1
41174,1,1
41158,1,1
41157,1,1
41155,1,1
41145,1,1
41144,1,1
41142,1,1
41134,1,1
41129,1,1
41128,1,1
41123,1,1
41115,1,1
41114,1,1
41113,1,1
41095,1,1
41091,1,1
41089,1,1
41081,1,1
41074,1,1
41068,1,1
41067,1,1
41065,1,1
41061,1,1
41057,1,1
41045,1,1
41042,1,0
41036,1,1
41035,1,1
41023,1,1
41019,1,1
41008,1,1
41004,1,1
40998,1,1
40980,1,1
40975,1,1
40974,1,1
40967,1,1
40965,1,1
40961,1,1
40958,1,1
40957,1,1
40953,1,1
40942,1,1
40941,1,1
40940,0,1
40939,0,0
40936,0,0
40934,0,0
40923,1,1
40918,1,1
40905,1,1
40903,1,1
40898,1,1
40886,1,1
40882,1,1
40876,1,1
40871,1,1
40866,1,1
40864,1,1
40855,1,1
40853,1,1
40842,1,1
40838,1,1
40837,1,1
40830,1,1
40819,1,1
40811,1,1
40806,1,1
40803,1,1
40801,1,1
40798,1,1
40788,1,1
40779,1,1
40774,1,1
40773,1,1
40771,1,1
40767,1,1
40763,1,1
40756,1,1
40754,1,1
40744,1,1
40734,1,1
40730,1,1
40726,1,1
40721,1,1
40708,1,1
40702,1,1
40701,1,1
40699,0,1
40695,0,1
40687,1,1
40682,1,1
40675,1,1
40669,1,1
40666,1,1
40663,1,1
40659,1,1
40653,1,1
40651,1,1
40647,1,1
40644,1,1
40635,1,1
40633,1,1
40623,1,1
40619,1,1
40617,1,1
40586,1,1
40580,1,1
40578,1,1
40572,1,1
40570,1,1
40568,1,1
40562,1,1
40558,1,1
40556,1,1
40546,1,1
40540,1,1
40539,1,1
40532,1,1
40524,1,1
40521,1,1
40519,1,1
40515,1,1
40508,1,1
40502,0,1
40493,1,1
40487,1,1
40485,1,1
40452,1,1
40444,1,1
40417,1,1
40410,1,1
40403,1,1
40401,0,1
40400,1,1
40396,0,1
40393,1,1
40389,1,1
40386,1,1
40385,1,1
40379,1,1
40376,1,1
40375,1,1
40372,1,1
40369,1,1
40367,1,1
40364,0,0
40361,0,1
40356,1,1
40352,1,1
40351,1,1
40349,1,1
40348,1,1
40345,1,1
40342,1,1
40341,1,1
40340,1,1
40334,0,1
40331,1,1
40327,1,1
40326,1,1
40325,1,1
40324,1,1
40322,1,1
40297,1,1
40286,1,1
40284,1,1
40282,1,1
40278,1,1
40275,0,1
40271,1,1
40268,1,1
40263,1,1
40261,1,1
40253,1,1
40252,1,1
40251,0,0
40246,1,1
40239,1,1
40232,1,1
40225,1,1
40222,1,1
40221,0,0
40218,1,1
40212,1,1
40194,1,1
40192,1,1
40188,1,1
40186,1,1
40180,1,1
40177,1,1
40174,1,1
40170,1,1
40168,1,1
40165,1,1
40164,0,0
40161,0,1
40157,0,1
40154,1,1
40153,0,0
40151,0,0
40150,1,1
40147,1,1
40140,1,1
40135,1,1
40133,1,1
40132,1,1
40124,1,1
40123,1,1
40112,1,1
40108,1,1
40075,1,1
40071,1,1
40066,1,1
40061,1,1
40058,1,1
40054,1,1
40053,1,1
40041,1,1
40031,1,1
40027,1,1
40016,1,1
40012,1,1
40008,1,1
40002,1,1
39994,1,1
39982,1,1
39975,1,1
39963,1,1
39958,1,1
39949,1,1
39941,1,1
39939,1,1
39933,1,1
39926,1,1
39916,1,1
39911,1,1
39900,1,1
39897,1,1
39893,0,1
39890,1,1
39856,1,1
39854,1,1
39848,1,1
39833,1,1
39829,1,1
39826,1,1
39824,1,1
39817,1,1
39814,1,1
39807,1,1
39802,1,1
39798,1,1
39795,1,1
39784,1,1
39776,1,1
39763,1,1
39758,1,1
39751,1,1
39746,1,1
39745,1,1
39743,1,1
39740,0,1
39732,1,1
39729,1,1
39725,1,1
39720,1,1
39716,1,1
39711,1,1
39698,1,1
39694,1,1
39687,1,1
39683,1,1
39679,0,1
39662,1,1
39651,1,1
39642,1,1
39638,0,1
39636,1,1
39627,1,1
39625,1,1
39621,1,1
39614,1,1
39613,1,1
39607,1,1
39600,1,1
39595,1,1
39590,1,1
39586,1,1
39584,1,1
39577,1,1
39568,1,1
39561,1,1
39558,1,1
39535,1,1
39492,1,1
39432,1,1
39409,1,1
39404,1,1
39395,1,1
39386,1,1
39380,1,1
39359,1,1
39356,1,1
39351,1,1
39349,1,1
39343,1,1
39318,1,1
39312,1,1
39305,1,1
39301,1,1
39298,1,1
39278,1,1
39269,1,1
39266,1,1
39264,1,1
39246,1,1
39237,1,1
39214,1,1
39211,1,1
39205,1,1
39199,1,1
39192,1,1
39185,1,1
39183,1,1
39172,1,1
39170,1,1
39166,1,1
39162,0,1
39159,1,1
39157,1,1
39151,1,1
39149,1,1
39130,1,1
39129,1,1
39125,1,1
39120,1,1
39116,1,1
39110,1,1
39109,1,1
39107,1,1
39104,1,1
39098,1,1
39096,1,1
39095,1,1
39093,1,1
39091,0,1
39088,1,1
39083,1,1
39072,1,1
39067,1,1
39064,1,0
39061,1,1
39055,1,1
39050,1,1
39045,1,1
39040,1,1
39034,1,1
39028,1,1
39026,1,1
39025,1,1
39008,1,1
39005,1,1
39002,1,1
39001,0,1
38988,1,1
38985,1,1
38984,1,1
38981,1,1
38978,1,1
38972,1,1
38971,1,1
38967,1,1
38955,1,1
38941,1,1
38937,1,1
38928,1,1
38905,1,1
38898,1,1
38896,1,1
38893,1,1
38890,1,1
38889,1,1
38888,1,1
38884,1,1
38882,1,1
38871,1,1
38869,1,1
38867,1,1
38859,1,1
38852,1,1
38847,1,1
38834,1,1
38825,1,1
38819,1,1
38811,1,1
38808,1,1
38797,1,1
38793,1,1
38786,1,1
38783,1,1
38778,0,1
38767,1,1
38766,1,1
38764,1,1
38760,1,1
38759,1,1
38758,1,1
38754,1,1
38735,1,1
38731,0,1
38727,1,1
38724,1,1
38723,0,1
38710,1,1
38708,1,1
38701,1,1
38700,1,1
38698,1,1
38694,1,1
38685,1,1
38682,1,1
38678,1,1
38677,1,1
38675,1,1
38673,1,1
38671,1,1
38669,1,1
38663,1,1
38661,1,1
38656,1,1
38643,1,1
38639,1,1
38631,1,1
38625,1,1
38617,1,1
38612,1,1
38605,1,1
38577,1,1
38560,1,1
38532,1,1
38519,1,1
38511,1,1
38492,1,1
38479,1,1
38473,1,1
38467,1,1
38446,1,1
38444,1,1
38435,1,1
38434,1,1
38431,0,1
38427,1,1
38422,1,1
38415,1,1
38409,1,1
38403,1,1
38392,1,1
38388,1,1
38386,1,1
38382,1,1
38378,1,1
38375,1,1
38365,1,1
38363,1,1
38359,1,1
38358,1,0
38354,1,1
38346,1,1
38342,1,1
38341,1,1
38339,0,1
38338,1,1
38337,1,1
38329,1,1
38326,1,1
38312,1,1
38304,1,1
38301,1,1
38294,1,1
38287,1,1
38285,1,1
38283,0,1
38282,1,1
38279,1,1
38276,1,1
38275,1,1
38274,1,1
38273,0,1
38269,1,1
38265,1,1
38263,1,1
38262,1,1
38260,1,1
38256,1,1
38253,1,1
38247,1,1
38245,1,1
38244,1,1
38237,1,1
38233,1,1
38232,1,1
38229,1,1
38220,1,1
38206,1,1
38202,1,1
38197,1,1
38181,1,1
38164,1,1
38141,1,1
38099,1,1
38094,1,1
38090,1,1
38089,1,1
38086,1,1
38082,1,1
38080,1,1
38077,1,1
38073,1,1
38072,1,1
38069,1,1
38059,1,1
38056,1,1
38055,1,1
38051,1,1
38049,1,1
38047,1,1
38045,1,1
38042,0,1
38035,1,1
38034,1,1
38033,1,1
38030,1,1
38022,1,1
38020,1,1
38017,1,1
38016,1,1
38008,1,1
38000,1,1
37998,1,1
37996,1,1
37993,1,1
37984,1,1
37977,1,1
37971,1,1
37950,1,1
37943,1,1
37942,1,1
37938,1,1
37936,1,1
37930,1,1
37923,1,1
37922,1,1
37916,1,1
37911,1,1
37908,1,1
37892,1,1
37886,1,1
37875,1,1
37873,1,1
37870,1,1
37864,1,1
37861,1,1
37815,1,1
37809,1,1
37803,1,1
37786,1,1
37779,1,1
37777,1,1
37770,1,1
37767,1,1
37763,1,1
37757,1,1
37747,1,1
37741,1,1
37740,1,1
37733,1,1
37723,1,1
37716,1,1
37697,1,1
37695,1,1
37682,0,1
37671,1,1
37655,1,1
37653,1,1
37647,1,1
37644,1,1
37643,1,1
37640,1,1
37639,0,1
37622,1,1
37616,1,1
37613,1,1
37610,1,1
37609,1,1
37606,1,1
37604,1,1
37597,1,1
37590,1,1
37588,1,1
37585,1,1
37576,1,1
37573,0,1
37569,0,1
37562,1,1
37558,1,1
37555,1,1
37551,1,1
37547,0,1
37542,1,1
37537,1,1
37533,1,1
37528,1,1
37521,1,1
37519,1,1
37517,0,1
37515,1,1
37512,1,1
37509,1,1
37493,0,1
37491,1,1
37490,0,1
37488,1,1
37478,1,1
37462,1,1
37459,1,1
37456,1,1
37455,0,1
37453,1,1
37445,1,1
37442,1,1
37441,0,1
37439,1,1
37437,1,1
37435,0,1
37417,1,1
37414,1,1
37413,1,1
37410,1,1
37408,1,1
37398,0,1
37392,1,1
37391,0,1
37386,1,1
37383,1,1
37376,1,1
37373,1,1
37362,1,1
37356,1,1
37352,0,1
37351,0,1
37344,1,1
37340,1,1
37329,1,1
37325,0,1
37318,1,1
37314,1,1
37312,1,1
37309,0,1
37305,1,1
37296,1,1
37293,1,1
37288,1,1
37283,1,1
37282,1,1
37264,1,1
37248,1,1
37234,1,1
37218,1,1
37207,1,1
37205,1,1
37200,1,1
37198,1,1
37196,1,1
37194,0,1
37173,0,1
37171,1,1
37158,1,1
37154,0,1
37151,1,1
37131,1,1
37124,1,1
37119,1,1
37116,1,1
37111,1,1
37109,1,1
37106,1,1
37099,1,1
37098,1,1
37051,1,1
37048,1,1
37043,1,1
37035,1,1
37023,1,1
37020,1,1
37018,1,1
37009,1,1
37007,1,1
37006,0,1
37004,1,1
37001,1,1
36988,1,1
36958,1,1
36953,1,1
36949,1,1
36919,1,1
36887,1,1
36859,1,1
36834,1,1
36828,1,1
36826,1,1
36801,1,1
36791,1,1
36786,1,1
36783,1,1
36781,1,1
36776,1,1
36775,0,1
36772,1,1
36769,0,1
36764,1,1
36762,1,1
36754,1,1
36751,1,1
36746,1,1
36739,1,1
36736,1,1
36735,0,1
36730,1,1
36726,1,1
36718,1,1
36710,1,1
36703,1,1
36697,1,1
36691,1,1
36690,1,1
36683,1,1
36678,1,1
36667,1,1
36656,0,1
36643,1,1
36616,1,1
36589,1,1
36564,1,1
36545,1,1
36534,1,1
36505,1,1
36484,1,1
36445,1,1
36439,1,1
36399,1,1
36382,1,1
36380,0,1
36378,0,1
36363,1,1
36353,1,1
36348,1,1
36336,1,1
36307,1,1
36303,1,1
36300,1,1
36260,1,1
36174,1,1
36162,1,1
36146,1,1
36144,1,1
36139,1,1
36127,1,1
36122,1,1
36104,1,1
36096,1,1
36090,1,1
36088,1,1
36083,0,1
36078,1,1
36059,1,1
35987,1,1
35973,1,1
35962,1,1
35957,1,1
35950,1,1
35940,1,1
35924,1,1
35906,1,1
35904,1,1
35898,1,1
35896,1,1
35894,1,1
35886,1,1
35882,1,1
35879,0,1
35877,1,1
35873,1,1
35870,1,1
35868,1,1
35867,1,1
35864,1,1
35860,1,1
35854,1,1
35851,1,1
35839,1,1
35829,0,1
35799,1,1
35795,1,1
35793,1,1
35770,1,1
35767,1,1
35764,1,1
35763,1,1
35759,1,1
35756,1,1
35755,1,1
35752,1,1
35748,1,1
35744,1,1
35741,1,1
35740,1,1
35738,1,1
35732,1,1
35721,1,1
35715,1,1
35710,1,1
35706,1,1
35702,1,1
35696,1,1
35693,0,1
35685,1,1
35671,1,1
35664,1,1
35655,1,1
35643,0,1
35637,1,1
35632,1,1
35618,1,1
35612,1,1
35596,1,1
35593,1,1
35592,0,1
35583,1,1
35579,1,1
35578,1,1
35575,1,1
35574,1,1
35573,0,1
35572,0,1
35570,1,1
35568,1,1
35564,1,1
35562,1,1
35558,1,1
35555,0,1
35549,1,1
35546,1,1
35543,1,1
35540,1,1
35535,1,1
35533,1,1
35524,1,1
35521,1,1
35517,1,1
35515,1,1
35511,1,1
35509,1,1
35506,1,1
35499,1,1
35492,1,1
35484,1,1
35480,1,1
35477,1,1
35472,1,1
35466,1,1
35464,1,1
35460,1,1
35457,1,1
35454,1,1
35452,1,1
35446,1,1
35441,0,1
35437,1,1
35428,1,1
35421,1,1
35411,1,1
35405,1,1
35394,1,1
35382,1,1
35356,1,1
35355,1,1
35352,1,1
35347,1,1
35341,1,1
35337,1,1
35333,1,1
35330,1,1
35329,1,1
35320,1,1
35313,1,1
35289,1,1
35262,1,1
35247,1,1
35236,1,1
35230,1,1
35223,1,1
35216,1,1
35212,1,1
35211,1,1
35209,1,1
35207,1,1
35200,1,1
35192,0,1
35188,1,1
35183,1,1
35182,1,1
35180,1,1
35173,1,1
35172,1,1
35168,1,1
35163,1,1
35162,1,1
35157,1,1
35152,1,1
35142,1,1
35140,1,1
35134,1,1
35131,1,1
35129,0,0
35127,1,1
35124,1,1
35122,1,1
35119,1,1
35117,1,1
35101,1,1
35091,1,1
35090,0,1
35083,1,1
35081,1,1
35075,1,1
35072,1,1
35067,1,1
35066,1,1
35064,1,1
35040,1,1
35035,1,1
35026,1,1
35023,0,1
35017,1,1
35014,1,1
35012,1,1
35006,1,1
35003,1,1
34999,1,1
34998,0,1
34994,1,1
34986,1,1
34985,1,1
34981,1,1
34976,1,1
34974,1,1
34953,1,1
34950,1,1
34946,0,1
34938,1,1
34925,1,1
34916,1,1
34914,1,1
34909,1,1
34906,1,1
34903,1,1
34897,1,1
34887,1,1
34881,1,1
34880,1,1
34878,1,1
34877,1,1
34875,1,1
34867,1,1
34859,1,1
34858,1,1
34855,1,1
34848,1,1
34833,1,1
34830,1,1
34823,1,1
34816,1,1
34796,1,1
34790,1,1
34788,1,1
34786,1,1
34783,1,1
34773,1,1
34770,1,1
34764,1,1
34761,1,1
34750,1,1
34748,1,1
34747,1,1
34743,1,1
34738,1,1
34737,0,1
34725,1,1
34694,1,1
34689,1,1
34686,1,1
34679,1,1
34674,1,1
34670,1,1
34668,1,1
34663,0,1
34662,1,1
34659,0,1
34658,1,1
34655,1,1
34649,1,1
34645,1,1
34642,1,1
34636,1,1
34632,1,1
34621,1,1
34619,1,1
34618,0,1
34611,1,1
34610,0,1
34607,1,1
34604,1,1
34601,1,1
34600,1,1
34598,1,1
34583,1,1
34577,1,1
34571,1,1
34569,1,1
34568,1,1
34564,1,1
34561,1,1
34560,1,1
34557,1,1
34551,1,1
34542,1,1
34540,1,1
34535,1,1
34531,1,1
34526,1,1
34510,1,1
34502,0,1
34497,1,1
34495,1,1
34487,1,1
34485,0,1
34479,1,1
34476,1,1
34473,0,1
34470,1,1
34469,1,1
34467,1,1
34461,1,1
34458,1,1
34453,1,1
34451,0,1
34445,1,1
34439,1,1
34438,1,1
34433,1,1
34431,0,1
34427,1,1
34425,1,1
34424,1,1
34421,1,1
34419,1,1
34417,1,1
34401,1,1
34389,1,1
34388,1,1
34387,1,1
34379,1,1
34376,0,1
34375,1,1
34361,1,1
34351,1,1
34342,1,1
34331,1,1
34328,1,1
34322,1,1
34319,1,1
34317,1,1
34315,1,1
34314,0,1
34311,1,1
34304,0,1
34298,1,1
34292,1,1
34279,1,1
34274,1,1
34268,0,1
34266,1,1
34262,1,1
34260,1,1
34257,1,1
34255,1,1
34253,1,1
34251,1,1
34248,1,1
34241,1,1
34238,1,1
34237,1,1
34234,1,1
34233,1,1
34230,1,1
34223,1,1
34221,0,1
34216,1,1
34213,1,1
34198,1,1
34195,1,1
34191,1,1
34176,1,1
34121,1,1
34118,1,1
34115,1,1
34107,1,1
34091,0,1
34088,1,1
34084,1,1
34081,1,1
34071,1,1
34065,1,1
34061,1,1
34059,0,1
34052,1,1
34045,1,1
34041,1,1
34038,1,1
34035,1,1
34027,1,1
34017,1,1
34013,1,1
33991,1,1
33979,1,1
33970,1,1
33960,1,1
33958,1,1
33954,1,1
33945,1,1
33918,1,1
33910,0,1
33888,1,1
33886,1,1
33884,1,1
33882,1,1
33879,0,1
33875,1,1
33873,1,1
33863,1,1
33860,1,1
33845,1,1
33838,1,1
33835,0,1
33828,1,1
33826,1,1
33821,1,1
33791,1,1
33766,1,1
33762,1,1
33759,1,1
33753,1,1
33750,1,1
33725,1,1
33716,1,1
33700,1,1
33673,1,1
33655,1,1
33649,1,1
33646,1,1
33630,1,1
33610,1,1
33574,1,1
33548,1,1
33526,1,1
33515,1,1
33512,1,1
33510,0,1
33499,1,1
33486,1,1
33474,1,1
33463,1,1
33451,1,1
33437,1,1
33420,1,1
33407,1,1
33391,1,1
33385,1,1
33383,1,1
33378,1,1
33371,1,1
33365,1,1
33356,1,1
33352,1,1
33348,1,1
33340,1,1
33338,1,1
33324,1,1
33293,1,1
33276,1,1
33271,1,1
33258,1,1
33255,1,1
33229,1,1
33223,1,1
33221,0,1
33218,1,1
33212,1,1
33205,0,1
33198,1,1
33192,1,1
33189,1,1
33184,1,1
33180,1,1
33167,1,1
33163,1,1
33155,1,1
33146,1,1
33144,1,1
33132,1,1
33130,1,1
33127,1,1
33119,1,1
33115,1,1
33109,1,1
33103,1,1
33100,1,1
33096,0,1
33070,1,1
33065,1,1
33061,1,1
33056,0,1
33053,0,0
33039,1,1
33036,0,1
33030,0,1
33028,0,1
33023,0,1
33020,0,1
33012,0,1
33010,0,1
33004,1,1
33000,0,1
32997,1,1
32980,1,1
32974,1,1
32968,1,1
32965,1,1
32962,1,1
32959,1,1
32941,1,1
32938,1,1
32933,1,1
32931,1,1
32927,1,1
32922,1,1
32905,1,1
32894,1,1
32882,1,1
32878,1,1
32876,0,1
32874,0,1
32871,1,1
32864,1,1
32852,0,1
32840,1,1
32839,1,1
32835,0,1
32830,1,1
32827,1,1
32814,1,1
32810,1,1
32798,1,1
32797,0,1
32793,0,1
32788,1,1
32782,1,1
32779,1,1
32769,1,1
32767,0,1
32765,1,1
32763,0,1
32758,0,1
32755,1,1
32753,1,1
32749,1,1
32747,1,1
32742,1,1
32738,1,1
32732,1,1
32726,1,1
32722,0,1
32719,0,1
32718,1,1
32711,1,1
32705,0,1
32698,1,1
32697,0,1
32695,0,1
32689,1,1
32687,0,1
32678,1,1
32673,1,1
32671,1,1
32661,1,1
32658,1,1
32644,1,1
32638,1,1
32634,0,1
32623,1,1
32617,1,1
32615,1,1
32598,1,1
32575,1,1
32573,0,1
32563,1,1
32539,1,1
32538,0,1
32534,1,1
32527,1,1
32519,1,1
32516,0,1
32515,1,1
32512,1,1
32509,0,1
32508,1,1
32488,1,1
32486,0,1
32482,1,1
32481,1,1
32471,1,1
32468,0,1
32462,1,1
32459,0,1
32454,1,1
32453,1,1
32452,1,1
32450,0,1
32447,0,1
32439,1,1
32413,1,1
32406,1,1
32381,1,1
32378,1,1
32374,0,1
32358,1,1
32350,1,1
32349,1,1
32347,0,1
32346,0,1
32344,1,1
32340,0,1
32335,1,1
32319,1,1
32275,1,1
32274,1,1
32266,1,1
32260,1,1
32257,0,1
32254,1,1
32246,1,1
32229,1,1
32227,0,1
32222,1,1
32219,1,1
32217,0,1
32215,1,1
32211,1,1
32206,1,1
32205,0,1
32204,0,1
32199,1,1
32197,1,1
32194,0,0
32188,1,1
32187,0,1
32186,1,1
32185,0,0
32182,0,0
32179,0,1
32173,1,1
32171,1,1
32161,1,1
32156,0,1
32153,0,1
32151,1,1
32150,0,1
32147,0,1
32141,0,1
32138,1,1
32136,0,1
32125,0,1
32124,1,1
32122,1,1
32117,0,1
32115,1,1
32110,0,1
32104,0,1
32103,1,1
32100,1,1
32099,1,1
32098,0,1
32097,0,0
32096,1,1
32095,0,1
32093,0,1
32090,1,1
32086,0,1
32084,0,1
32069,1,1
32066,0,1
32062,0,0
32054,0,1
32049,0,1
32043,1,1
32040,0,1
32035,1,1
32029,1,1
32023,1,1
32015,1,1
32010,1,1
32009,1,1
32005,1,1
32000,1,1
31996,1,1
31989,1,1
31988,0,0
31984,1,1
31983,1,1
31981,0,1
31979,0,0
31977,0,1
31962,0,1
31936,0,1
31930,1,1
31929,1,1
31926,0,1
31925,1,1
31917,1,1
31910,0,1
31909,0,1
31906,1,1
31905,1,1
31897,0,1
31894,0,1
31892,1,1
31891,0,0
31886,0,1
31883,1,1
31879,0,1
31876,1,1
31875,1,1
31873,1,1
31869,1,1
31867,0,1
31855,1,1
31848,1,1
31839,1,1
31836,1,1
31829,1,1
31827,0,1
31823,0,1
31816,1,1
31811,1,1
31810,0,1
31802,1,1
31800,1,1
31786,1,1
31783,0,1
31776,1,1
31750,1,1
31725,1,1
31722,1,1
31717,1,1
31716,1,1
31715,1,1
31711,0,1
31709,1,1
31706,0,1
31704,1,1
31701,0,0
31694,1,1
31685,1,1
31674,1,1
31667,0,1
31657,1,1
31647,1,1
31645,1,1
31627,1,1
31600,1,1
31567,1,1
31564,1,1
31548,1,1
31540,1,1
31536,1,1
31525,1,1
31521,1,1
31507,0,1
31495,1,1
31489,1,1
31487,0,0
31450,1,1
31412,1,1
31397,0,1
31381,1,1
31374,1,1
31359,1,1
31348,1,1
31341,1,1
31335,1,1
31323,1,1
31287,1,1
31261,1,1
31259,0,1
31251,1,1
31245,1,1
31240,1,1
31235,1,1
31220,1,1
31217,1,1
31209,1,1
31206,1,1
31196,1,1
31189,0,1
31178,1,1
31175,1,1
31165,0,1
31164,1,1
31153,1,1
31151,0,0
31146,0,1
31132,1,1
31099,1,1
31086,0,1
31084,0,1
31077,1,1
31063,1,1
31053,1,1
31047,0,1
31046,1,1
31042,0,1
31030,1,1
31020,1,1
31013,1,1
31010,1,1
31004,0,1
31003,1,1
30990,1,1
30985,0,1
30984,1,1
30982,1,1
30979,1,1
30971,1,1
30964,1,1
30960,0,1
30958,1,1
30955,1,1
30931,1,1
30928,0,0
30918,1,1
30916,1,0
30898,1,1
30896,1,1
30895,0,1
30892,1,1
30889,1,1
30888,0,1
30886,0,1
30881,0,1
30874,1,1
30865,1,1
30864,0,0
30859,1,1
30851,1,1
30842,1,1
30825,1,1
30824,1,1
30810,1,1
30801,1,1
30789,1,1
30786,1,1
30784,1,1
30782,1,1
30780,0,1
30759,1,1
30757,1,1
30748,0,1
30747,1,1
30734,1,1
30723,1,1
30720,1,1
30718,1,1
30717,1,1
30715,1,1
30711,1,1
30698,1,1
30691,0,1
30675,1,1
30659,1,1
30646,0,1
30641,0,1
30628,0,1
30622,1,1
30620,1,1
30612,1,1
30608,1,1
30606,0,1
30597,1,1
30595,1,1
30580,0,1
30579,1,1
30560,0,1
30545,1,1
30529,1,1
30526,0,1
30524,1,1
30515,1,1
30504,1,1
30503,1,1
30498,1,1
30456,1,1
30448,1,1
30441,1,1
30391,1,1
30378,1,1
30373,1,1
30350,1,1
30343,1,1
30342,1,1
30318,1,1
30309,1,1
30305,1,1
30300,1,1
30298,1,1
30291,1,1
30289,1,1
30280,1,1
30279,1,1
30259,1,1
30258,1,1
30255,1,1
30241,1,1
30231,1,1
30228,1,1
30217,1,1
30204,1,1
30203,0,1
30198,1,1
30191,1,1
30188,1,1
30179,1,1
30172,1,1
30171,1,1
30156,1,1
30142,1,1
30141,1,1
30140,1,1
30131,1,1
30101,1,1
30093,1,1
30092,1,1
30090,1,1
30069,1,1
30056,1,1
30046,1,1
30043,1,1
30037,1,1
30033,1,1
30018,1,1
30010,1,1
29964,1,1
29941,1,1
29922,1,1
29914,1,1
29904,1,1
29901,1,1
29890,1,1
29883,1,1
29876,0,1
29873,0,1
29845,1,1
29835,1,1
29783,0,1
29754,1,1
29733,1,1
29731,1,1
29715,1,1
29707,1,1
29702,1,1
29696,1,1
29692,1,1
29657,1,1
29649,1,1
29646,1,1
29644,1,1
29640,1,1
29638,0,1
29633,1,1
29628,1,1
29625,1,1
29601,1,1
29600,1,1
29596,0,1
29581,1,1
29549,1,1
29544,1,1
29542,1,1
29536,1,1
29523,1,1
29502,1,1
29500,0,1
29497,0,1
29478,1,1
29476,0,1
29474,0,1
29473,1,1
29459,1,1
29458,0,1
29457,1,1
29446,1,1
29444,0,1
29443,1,1
29439,0,1
29438,0,1
29435,1,1
29434,0,1
29427,0,1
29379,0,1
29364,1,1
29363,0,1
29362,1,1
29348,1,1
29342,0,1
29339,1,1
29336,1,1
29329,1,1
29327,1,1
29323,1,1
29311,1,1
29284,1,1
29282,1,1
29267,1,1
29251,1,1
29244,1,1
29243,0,0
29242,1,1
29237,1,1
29235,0,1
29228,1,1
29221,1,1
29220,0,1
29219,1,1
29215,1,1
29205,1,1
29182,1,1
29178,1,1
29173,1,1
29171,0,1
29170,1,1
29169,1,1
29168,1,1
29167,0,1
29166,1,1
29163,1,1
29158,1,1
29113,1,1
29102,1,1
29091,1,1
29090,0,1
29087,0,1
29063,1,1
29057,0,1
29054,1,1
29053,0,1
29045,1,1
29044,1,1
29043,0,1
29032,1,1
29031,0,1
29015,1,1
29008,1,1
29007,0,1
29006,1,1
28995,1,1
28990,0,1
28987,1,1
28983,1,1
28976,1,1
28974,1,1
28973,0,1
28972,1,1
28968,1,1
28963,1,1
28960,1,1
28957,0,1
28937,1,1
28936,1,1
28932,1,1
28931,1,1
28925,1,1
28922,1,1
28919,1,1
28917,0,1
28916,1,1
28912,1,1
28899,1,1
28873,1,1
28862,1,1
28860,1,1
28856,1,1
28854,1,1
28852,1,1
28851,1,1
28838,1,1
28837,1,1
28832,1,1
28831,0,1
28828,1,1
28827,0,1
28822,0,1
28818,0,0
28817,1,1
28815,1,1
28795,1,1
28794,1,1
28791,1,1
28789,0,1
28788,0,0
28785,1,1
28784,1,1
28783,0,0
28777,0,1
28770,0,1
28764,1,1
28763,0,0
28748,1,1
28732,0,1
28700,0,1
28686,0,1
28685,0,1
28684,0,1
28683,0,0
28679,1,1
28678,0,1
28677,0,1
28672,1,1
28670,1,1
28669,0,0
28649,0,1
28647,0,1
28642,0,1
28639,0,0
28638,0,1
28637,0,1
28636,0,1
28635,0,1
28633,1,1
28632,0,0
28628,0,1
28617,0,1
28610,1,1
28595,0,1
28594,0,1
28593,1,1
28585,0,1
28584,1,1
28583,0,1
28580,0,1
28579,0,0
28569,1,1
28525,1,1
28513,1,1
28512,0,1
28511,0,1
28509,0,1
28508,1,1
28504,0,1
28503,0,1
28498,1,1
28492,0,1
28491,1,1
28487,1,1
28472,1,1
28467,1,1
28458,1,1
28450,1,1
28449,1,1
28444,1,1
28443,0,1
28442,1,1
28441,0,1
28438,1,1
28423,1,1
28408,1,1
28407,0,1
28404,1,1
28391,1,1
28373,1,1
28363,1,1
28360,1,1
28359,0,0
28358,1,1
28357,1,1
28356,1,1
28353,1,1
28352,1,1
28350,0,1
28349,1,1
28348,1,1
28346,0,1
28342,1,1
28333,1,1
28332,1,1
28330,0,1
28329,0,1
28328,1,1
28320,1,1
28294,1,1
28288,1,1
28274,1,1
28271,1,1
28270,0,1
28267,1,1
28264,1,1
28260,1,1
28257,1,1
28256,0,1
28255,1,1
28254,1,1
28253,1,1
28248,1,1
28243,1,1
28235,1,1
28234,1,1
28219,1,1
28218,1,1
28213,0,1
28212,1,1
28210,1,1
28207,1,1
28204,1,1
28200,0,1
28193,1,1
28191,1,1
28190,0,1
28189,0,0
28188,0,0
28185,0,0
28184,1,1
28181,0,1
28179,0,1
28178,0,1
28175,0,0
28174,0,1
28172,0,1
28171,0,0
28169,0,1
28164,1,1
28150,1,1
28145,1,1
28136,1,1
28132,1,1
28131,0,1
28124,0,1
28116,0,1
28115,1,1
28113,1,1
28111,1,1
28109,0,0
28104,0,1
28096,1,1
28095,1,1
28094,1,1
28093,0,0
28092,1,1
28091,0,1
28090,1,1
28083,1,1
28082,0,0
28076,1,1
28073,1,1
28072,1,1
28064,1,1
28063,0,0
28052,1,1
28051,1,1
28049,1,0
28024,1,1
28018,1,1
27993,1,1
27992,0,1
27987,1,1
27986,1,1
27984,1,1
27983,0,0
27981,0,1
27980,1,1
27977,1,1
27973,1,1
27972,1,1
27967,1,1
27964,1,1
27963,0,0
27960,0,1
27949,1,1
27947,1,1
27942,0,1
27941,1,1
27939,1,1
27937,0,1
27931,1,1
27930,1,1
27924,1,1
27923,0,1
27919,1,1
27914,1,1
27912,0,1
27911,0,0
27909,1,1
27908,1,1
27907,1,1
27906,0,1
27905,0,0
27904,0,1
27903,0,0
27901,1,1
27900,1,1
27899,1,1
27896,0,0
27893,0,1
27876,1,1
27874,1,1
27872,1,1
27869,1,1
27868,0,1
27867,1,1
27866,0,0
27863,1,1
27861,0,1
27855,1,1
27850,1,1
27839,1,1
27829,1,1
27825,1,1
27823,1,1
27822,1,1
27821,1,1
27820,0,1
27819,1,1
27811,0,1
27810,1,1
27809,1,1
27808,0,1
27807,0,1
27804,0,1
27803,0,1
27801,1,1
27799,1,1
27793,1,1
27790,1,1
27787,1,1
27783,0,1
27778,1,1
27776,1,1
27773,1,1
27772,1,1
27767,1,1
27764,0,1
27761,1,1
27759,1,1
27758,1,1
27755,1,1
27754,0,1
27753,0,0
27750,0,1
27748,0,1
27745,1,1
27744,1,1
27743,0,1
27742,1,1
27741,0,1
27740,1,1
27737,1,1
27735,0,1
27734,0,0
27731,0,1
27729,1,1
27727,1,1
27726,0,1
27724,1,1
27721,1,1
27718,1,1
27717,0,1
27715,1,1
27712,1,1
27711,0,1
27706,1,1
27705,1,1
27701,1,1
27695,1,1
27693,0,0
27692,0,0
27665,1,1
27664,1,1
27663,0,1
27662,1,1
27661,0,0
27658,0,0
27644,1,1
27632,0,1
27627,1,1
27625,0,1
27624,0,1
27623,1,1
27622,1,1
27621,1,1
27619,0,0
27618,1,1
27617,1,1
27615,1,1
27612,0,1
27610,0,1
27607,1,1
27605,0,1
27603,1,1
27594,1,1
27591,1,1
27577,0,1
27573,1,1
27567,1,1
27560,0,1
27559,0,1
27557,1,1
27551,1,1
27549,1,1
27548,0,0
27541,1,1
27540,1,1
27539,1,1
27534,0,1
27533,0,1
27526,1,1
27523,1,1
27501,1,1
27489,1,1
27484,1,1
27477,1,1
27469,1,1
27467,0,0
27461,1,1
27460,1,1
27459,0,1
27458,1,1
27456,0,0
27454,1,1
27453,0,1
27452,1,1
27450,1,1
27448,1,1
27444,0,1
27434,1,1
27429,0,1
27426,1,1
27419,1,1
27418,0,0
27417,0,1
27414,1,1
27408,1,1
27405,1,1
27404,0,0
27403,0,1
27402,0,1
27400,1,1
27399,0,0
27397,1,1
27395,0,1
27391,1,1
27385,1,1
27383,1,1
27380,0,1
27370,1,1
27368,0,1
27363,1,1
27362,0,0
27359,1,1
27358,0,1
27356,0,1
27354,1,1
27348,1,1
27343,1,1
27340,1,1
27334,1,1
27332,1,1
27331,1,1
27329,1,1
27321,1,1
27319,1,1
27318,1,1
27314,1,1
27313,1,1
27309,1,1
27304,1,1
27300,0,1
27298,1,1
27295,1,1
27293,0,1
27292,1,1
27291,0,1
27285,1,1
27284,0,0
27282,1,1
27280,0,1
27268,1,1
27265,0,0
27264,1,1
27258,1,1
27257,1,1
27256,0,0
27255,0,0
27254,0,0
27253,0,0
27252,0,0
27251,0,0
27247,1,1
27246,0,1
27241,1,1
27239,1,1
27226,0,1
27222,1,1
27208,1,1
27205,1,1
27199,1,1
27197,0,1
27190,1,1
27187,1,1
27177,1,1
27175,1,1
27169,1,1
27164,0,0
27163,0,0
27162,0,1
27161,0,0
27159,0,0
27158,0,0
27157,0,0
27149,1,1
27144,1,1
27142,1,1
27140,1,1
27135,1,1
27119,1,1
27109,1,1
27096,0,1
27090,0,1
27081,1,1
27076,1,1
27068,1,1
27053,1,1
27043,1,1
27032,1,1
27031,0,0
27022,1,1
27017,1,1
27014,0,1
27010,1,1
27004,1,1
27001,1,1
27000,0,0
26999,0,0
26998,0,0
26996,0,1
26995,0,0
26994,0,0
26993,0,1
26992,0,0
26989,1,1
26977,1,1
26976,1,1
26971,1,1
26966,1,1
26955,1,1
26954,1,1
26953,1,1
26952,0,0
26951,0,1
26950,0,0
26936,0,0
26932,1,1
26931,1,1
26925,1,1
26924,0,0
26922,1,1
26920,1,1
26919,0,0
26915,1,1
26911,1,1
26908,1,1
26906,1,1
26901,1,1
26900,1,1
26890,1,1
26888,1,1
26886,1,1
26885,1,1
26880,1,1
26875,1,1
26874,0,1
26871,1,1
26867,1,1
26864,1,1
26862,1,1
26861,0,1
26858,1,1
26854,1,1
26853,1,1
26851,1,1
26850,1,1
26849,0,1
26847,1,1
26842,1,1
26839,1,1
26838,1,1
26836,1,1
26830,1,1
26829,1,1
26828,1,1
26827,0,1
26826,0,0
26825,0,0
26824,0,1
26823,1,0
26813,1,1
26812,1,1
26801,0,1
26797,0,1
26796,0,0
26794,0,1
26792,0,1
26790,1,1
26782,1,1
26778,1,1
26777,1,1
26776,0,1
26774,0,1
26770,1,1
26767,0,0
26765,1,1
26756,1,1
26754,0,1
26751,1,1
26750,1,1
26749,0,0
26748,0,0
26747,0,0
26745,0,1
26741,1,1
26740,0,0
26739,1,1
26722,1,1
26719,1,1
26717,1,1
26716,1,1
26712,1,1
26710,1,1
26709,0,1
26705,1,1
26685,1,1
26683,1,1
26680,1,1
26678,1,1
26672,1,1
26670,0,0
26667,0,1
26665,0,0
26664,0,0
26662,0,0
26658,0,1
26657,0,0
26656,0,1
26654,1,1
26653,1,1
26652,1,1
26651,0,0
26648,1,1
26643,1,1
26642,1,1
26641,1,1
26639,1,1
26638,0,0
26635,1,1
26634,1,1
26633,1,1
26630,1,1
26629,1,1
26625,1,1
26624,1,1
26622,1,1
26620,0,0
26617,0,0
26610,1,1
26608,1,1
26607,1,1
26604,1,1
26597,1,1
26595,1,1
26589,0,1
26584,1,1
26577,1,1
26568,1,1
26565,1,1
26544,1,1
26537,1,1
26536,1,1
26532,0,1
26531,1,1
26530,1,1
26527,1,1
26526,1,1
26522,1,1
26520,1,1
26514,1,1
26513,0,1
26510,0,1
26508,0,1
26507,1,1
26506,0,0
26505,1,1
26502,0,1
26500,1,1
26492,1,1
26486,1,1
26485,1,1
26484,1,1
26483,0,1
26481,0,1
26480,0,1
26479,0,1
26474,1,1
26473,1,1
26471,1,1
26469,1,1
26461,1,1
26459,1,1
26458,1,1
26456,1,1
26445,1,1
26440,1,1
26437,1,1
26434,0,1
26430,0,0
26429,1,1
26425,1,1
26423,1,1
26420,1,1
26417,1,1
26415,0,0
26413,0,0
26411,1,1
26410,1,1
26409,1,1
26408,1,1
26405,0,1
26403,0,1
26401,1,1
26400,1,1
26398,1,1
26397,1,1
26396,0,1
26394,1,1
26393,1,1
26391,1,1
26388,1,1
26384,1,1
26383,1,1
26382,0,1
26381,0,0
26380,0,0
26379,0,0
26378,0,0
26377,1,1
26376,0,1
26374,1,0
26372,0,1
26371,1,1
26370,0,0
26367,1,1
26366,1,1
26360,1,1
26359,1,1
26352,0,1
26349,1,1
26347,1,1
26346,1,0
26343,1,1
26342,0,0
26341,1,1
26339,1,1
26338,1,1
26337,0,0
26335,0,1
26334,1,1
26333,1,1
26332,1,1
26330,0,1
26328,1,1
26326,1,1
26325,1,1
26323,1,1
26321,1,1
26319,0,0
26318,0,1
26317,0,1
26313,1,1
26312,0,1
26311,1,1
26310,0,1
26309,1,1
26308,0,1
26307,0,0
26306,0,0
26305,1,1
26304,1,1
26303,1,1
26302,1,1
26301,1,1
26299,0,1
26298,1,1
26297,1,1
26294,1,1
26290,1,1
26287,1,1
26286,0,0
26285,1,1
26284,1,1
26283,1,1
26278,0,0
26277,0,0
26276,1,1
26271,1,1
26269,0,0
26268,1,1
26266,1,1
26265,1,1
26260,1,1
26259,1,1
26258,0,0
26257,0,0
26256,1,1
26253,0,1
26252,1,1
26251,1,1
26250,1,1
26244,0,1
26241,1,0
26240,1,1
26239,1,1
26237,1,1
26235,1,1
26232,1,1
26226,1,1
26220,1,1
26219,1,1
26218,0,1
26214,0,0
26213,1,1
26208,1,1
26206,1,1
26205,1,1
26204,0,0
26201,0,0
26200,0,0
26198,0,0
26194,0,0
26193,1,1
26192,1,1
26190,1,1
26188,1,1
26187,1,1
26181,0,1
26176,1,1
26173,1,1
26167,1,1
26163,1,1
26161,1,1
26160,1,1
26156,1,1
26149,1,1
26148,1,1
26147,1,1
26145,0,0
26144,1,1
26141,1,1
26139,1,1
26137,1,1
26135,1,1
26134,0,1
26133,1,1
26132,1,1
26124,1,1
26123,1,1
26122,0,0
26121,0,0
26119,1,1
26118,0,0
26117,1,1
26116,1,1
26108,1,1
26102,1,1
26098,1,1
26093,1,1
26091,0,1
26089,0,0
26086,0,1
26085,1,1
26079,1,1
26078,1,1
26073,1,1
26072,0,0
26070,1,1
26067,0,1
26066,1,1
26065,1,1
26051,1,1
26050,0,1
26048,1,1
26046,1,1
26044,0,1
26043,1,1
26042,1,1
26040,1,1
26039,0,1
26031,1,1
26030,1,1
26029,1,1
26027,1,1
26023,1,1
26022,1,1
26019,0,1
26012,1,1
26011,1,1
26010,1,1
26009,0,0
26006,1,1
26005,1,1
26000,1,1
25999,1,1
25998,0,1
25996,1,1
25993,0,1
25992,1,1
25991,0,0
25988,0,0
25983,1,1
25976,1,1
25975,1,1
25971,0,1
25961,1,1
25960,1,1
25956,1,1
25953,1,1
25951,1,1
25948,1,1
25946,1,1
25945,0,1
25944,1,1
25943,1,1
25942,1,1
25939,1,1
25938,0,1
25937,1,1
25933,1,1
25926,1,1
25925,1,1
25924,1,1
25923,0,0
25921,1,0
25920,0,0
25919,0,0
25918,0,1
25914,1,1
25911,1,1
25910,1,1
25908,1,1
25903,1,1
25900,1,1
25897,1,1
25892,1,0
25891,1,1
25885,1,1
25884,1,1
25883,1,1
25867,1,1
25864,1,1
25854,1,1
25850,1,1
25849,1,1
25847,1,1
25838,1,1
25826,1,1
25822,1,1
25778,1,1
25775,1,1
25768,1,1
25765,1,1
25762,0,1
25757,1,1
25755,1,1
25752,1,1
25747,0,1
25744,0,1
25737,1,1
25713,1,1
25712,0,1
25705,1,1
25701,1,1
25685,1,1
25683,0,0
25682,1,1
25681,1,1
25680,1,1
25679,1,1
25677,1,1
25673,1,1
25669,1,1
25665,1,1
25663,1,1
25654,1,1
25653,0,1
25648,1,1
25645,1,1
25643,0,1
25641,0,1
25638,0,1
25633,0,1
25621,1,1
25611,1,1
25609,0,1
25608,1,1
25592,0,1
25586,1,1
25564,1,1
25560,0,1
25555,1,1
25542,1,1
25532,1,1
25529,1,1
25516,1,1
25508,1,1
25506,1,1
25501,1,1
25468,1,1
25459,1,1
25445,1,1
25443,1,1
25438,1,1
25428,1,1
25411,1,1
25410,1,1
25408,1,1
25406,1,1
25403,1,1
25402,1,1
25401,0,0
25400,0,1
25399,1,1
25398,0,1
25397,1,1
25396,1,1
25395,1,1
25388,1,1
25379,1,1
25374,1,1
25366,1,1
25364,0,1
25361,1,1
25359,1,1
25355,0,1
25354,1,1
25350,1,1
25348,1,1
25346,0,0
25345,1,1
25344,1,1
25343,0,0
25342,0,0
25340,1,1
25339,0,0
25334,0,0
25330,0,1
25324,1,1
25323,0,1
25319,1,1
25317,1,1
25316,1,1
25285,1,1
25282,0,0
25280,1,1
25278,1,1
25276,0,1
25274,1,1
25272,0,1
25271,1,1
25267,1,1
25257,1,1
25251,1,1
25249,1,1
25240,1,1
25228,1,1
25217,1,1
25205,1,1
25202,1,1
25178,1,1
25161,1,1
25150,0,1
25142,1,1
25135,1,1
25127,0,1
25123,1,1
25122,1,1
25119,1,1
25112,1,1
25110,1,1
25107,1,1
25101,0,1
25089,1,1
25082,1,1
25078,0,1
25068,0,1
25067,0,1
25053,1,1
25046,1,1
25044,1,1
25040,1,1
25039,0,1
25038,1,1
25037,1,1
25034,0,1
25030,1,1
25029,0,1
25020,0,1
25013,1,1
25011,0,1
25010,0,0
25009,0,1
25008,0,0
25007,0,0
25005,1,1
25004,0,0
25002,0,1
25001,0,1
25000,0,1
24999,0,1
24998,1,1
24994,0,1
24993,1,1
24990,1,1
24988,0,1
24985,0,1
24984,0,0
24982,0,0
24981,0,1
24979,0,1
24978,0,0
24977,1,1
24975,1,1
24968,1,1
24963,1,1
24958,1,1
24955,1,1
24953,0,0
24952,0,0
24950,0,1
24948,0,0
24947,0,0
24944,0,0
24934,1,1
24933,1,1
24929,1,1
24928,0,1
24918,1,1
24917,1,1
24916,1,1
24914,0,1
24912,0,1
24911,1,0
24903,1,1
24901,1,1
24900,0,1
24896,0,1
24886,0,1
24885,1,1
24882,0,1
24873,1,1
24865,1,1
24859,1,1
24855,1,1
24850,1,1
24848,1,1
24846,0,1
24843,1,1
24836,1,1
24815,1,1
24806,1,1
24797,0,1
24794,1,1
24793,0,1
24783,1,1
24782,1,1
24780,1,1
24779,0,1
24762,0,1
24757,1,1
24754,0,1
24753,1,1
24748,1,1
24747,1,1
24745,1,1
24738,1,1
24732,0,1
24729,0,1
24728,0,1
24714,1,1
24705,1,1
24704,1,1
24703,0,1
24701,0,1
24697,0,1
24696,1,1
24695,1,1
24690,1,1
24686,1,1
24685,1,1
24684,1,1
24665,0,1
24657,1,1
24655,1,1
24651,1,1
24641,1,1
24640,1,1
24638,1,1
24632,1,1
24628,1,1
24623,1,1
24621,1,1
24612,1,1
24600,1,1
24587,1,1
24586,0,1
24584,1,1
24581,1,1
24578,1,1
24576,1,1
24575,1,1
24574,1,1
24564,0,1
24562,1,1
24557,0,1
24534,0,1
24532,0,1
24531,1,1
24528,1,1
24526,0,1
24523,1,1
24522,0,1
24519,0,1
24516,0,1
24515,1,1
24505,1,1
24494,1,1
24492,1,1
24489,1,1
24486,1,1
24482,1,1
24480,1,1
24479,1,1
24452,1,1
24444,1,1
24442,1,1
24435,0,1
24434,0,1
24420,1,1
24404,1,1
24395,0,1
24391,0,1
24390,0,1
24389,1,1
24386,1,1
24385,0,1
24384,1,1
24381,0,1
24372,1,1
24371,0,1
24370,1,1
24369,1,1
24368,0,1
24367,1,1
24366,1,1
24357,1,1
24356,1,1
24342,1,1
24328,1,1
24326,1,1
24325,1,1
24324,1,1
24322,0,1
24319,0,1
24317,1,1
24315,0,1
24310,1,1
24307,1,1
24306,1,1
24305,0,1
24304,0,1
24301,0,1
24300,1,1
24298,0,0
24294,1,1
24281,1,1
24278,1,1
24277,0,1
24275,0,1
24270,1,1
24262,1,1
24260,1,1
24239,1,1
24238,1,1
24219,0,1
24208,1,1
24204,1,1
24203,1,1
24200,0,1
24198,0,1
24197,1,1
24196,0,1
24195,0,1
24193,0,1
24190,1,1
24182,0,1
24181,1,1
24180,1,1
24176,1,1
24175,1,1
24173,0,1
24168,0,1
24167,1,1
24164,0,1
24162,1,1
24161,1,1
24160,0,1
24156,0,1
24155,0,1
24147,1,1
24146,1,1
24138,1,1
24130,1,1
24127,1,1
24124,1,1
24123,1,1
24120,1,1
24118,0,1
24117,1,1
24115,1,1
24102,1,1
24101,0,1
24100,1,1
24099,1,1
24097,1,1
24095,0,1
24092,1,1
24091,1,1
24090,1,1
24089,0,1
24080,1,1
24078,1,1
24073,1,1
24071,1,1
24068,1,1
24064,1,1
24062,0,1
24061,1,1
24039,1,1
24037,0,1
24036,1,1
24035,1,1
24034,0,1
24027,1,1
24026,1,1
24015,1,1
24001,1,1
24000,1,1
23989,1,1
23978,0,1
23975,1,1
23973,0,1
23966,1,1
23950,0,1
23947,0,1
23944,1,1
23936,1,1
23925,1,1
23883,1,1
23882,1,1
23875,1,1
23869,1,1
23866,1,1
23864,1,1
23863,1,1
23862,1,1
23861,1,1
23858,1,1
23857,0,1
23856,1,1
23855,1,1
23851,1,1
23845,1,1
23844,1,1
23843,0,1
23838,1,1
23814,1,1
23805,1,1
23804,0,1
23803,1,1
23798,1,1
23793,1,1
23788,0,1
23785,1,1
23766,1,1
23765,0,1
23764,1,1
23762,1,1
23761,1,1
23758,1,1
23744,1,1
23736,1,1
23727,1,1
23725,1,1
23724,1,1
23723,0,1
23719,1,1
23707,1,1
23706,1,1
23704,1,1
23703,0,1
23702,1,1
23699,1,1
23678,1,1
23677,1,1
23652,1,1
23651,1,1
23647,1,1
23571,1,1
23553,1,1
23552,1,1
23523,1,1
23520,1,1
23503,0,1
23497,1,1
23495,1,1
23494,0,1
23491,1,1
23490,0,1
23489,1,1
23488,0,1
23487,0,1
23486,0,1
23484,1,1
23478,1,1
23470,0,1
23469,0,1
23464,0,1
23463,1,1
23461,1,1
23453,1,1
23448,1,1
23447,1,1
23441,1,1
23436,1,1
23433,0,1
23431,0,0
23429,1,1
23428,1,1
23427,1,1
23426,0,0
23422,0,0
23421,1,1
23418,0,0
23417,0,1
23410,1,1
23409,1,1
23406,0,1
23403,1,1
23402,0,1
23401,0,1
23396,0,1
23390,1,1
23389,1,1
23382,0,1
23366,1,1
23339,1,1
23328,1,1
23327,1,1
23325,1,1
23324,1,1
23320,1,1
23314,0,1
23289,1,1
23287,1,1
23281,0,1
23272,1,1
23261,1,1
23260,0,1
23259,1,1
23248,1,1
23247,1,1
23232,1,1
23213,1,1
23212,1,1
23200,1,1
23197,0,1
23196,0,1
23192,0,1
23183,1,1
23181,1,1
23171,1,1
23170,0,1
23168,1,1
23167,0,1
23166,0,1
23163,0,1
23160,1,1
23156,0,1
23148,1,1
23145,1,1
23125,1,1
23120,1,1
23113,0,1
23108,0,1
23106,1,1
23095,1,1
23090,1,1
23029,1,1
22942,0,1
22939,1,1
22937,1,1
22932,1,1
22931,1,1
22928,1,1
22924,0,1
22922,0,1
22920,0,1
22914,0,1
22911,1,1
22900,1,1
22898,1,1
22893,1,1
22888,1,1
22886,1,1
22883,1,1
22879,0,1
22876,1,1
22870,1,1
22869,0,1
22868,1,1
22866,0,0
22863,1,1
22862,1,1
22860,1,1
22859,1,1
22857,1,1
22856,0,0
22855,0,1
22847,1,1
22838,1,1
22837,1,1
22827,1,1
22826,0,1
22825,0,0
22821,1,1
22820,0,0
22817,1,1
22816,0,1
22815,1,1
22814,0,1
22813,0,1
22792,0,1
22790,1,1
22787,0,1
22775,1,1
22763,1,1
22761,1,1
22749,0,0
22746,1,1
22742,0,1
22739,0,0
22736,0,1
22730,1,1
22725,1,1
22713,1,1
22712,1,1
22711,1,1
22707,1,1
22690,1,1
22689,1,1
22688,0,0
22687,0,0
22686,0,0
22682,1,1
22671,1,1
22667,1,1
22663,1,1
22660,1,1
22657,1,1
22654,0,1
22653,1,1
22652,1,1
22651,1,1
22650,1,1
22648,1,1
22647,1,1
22646,0,1
22645,1,1
22644,1,1
22643,1,0
22642,1,1
22641,1,1
22636,1,1
22622,1,1
22619,1,1
22618,1,1
22594,1,1
22591,1,1
22587,1,1
22585,0,1
22583,1,1
22582,1,1
22580,1,1
22579,0,1
22573,1,1
22571,0,1
22570,1,1
22569,0,1
22566,0,0
22565,1,0
22563,1,1
22557,1,1
22527,0,1
22521,0,1
22520,0,1
22518,1,1
22514,1,1
22513,0,1
22509,1,1
22508,0,0
22498,1,1
22482,1,1
22481,1,1
22475,1,1
22473,1,1
22468,1,1
22467,1,1
22456,1,1
22455,1,1
22454,0,1
22450,0,1
22444,0,1
22440,1,1
22426,1,1
22416,0,1
22414,0,1
22413,1,1
22412,1,1
22392,1,1
22388,0,1
22387,1,1
22386,0,1
22380,1,1
22376,1,1
22374,1,1
22373,1,1
22372,0,1
22371,1,1
22358,1,1
22357,1,1
22356,1,1
22353,1,1
22351,1,1
22347,1,1
22344,1,1
22343,1,1
22342,0,1
22337,1,1
22331,1,1
22330,0,1
22326,0,1
22318,1,1
22317,1,1
22315,1,1
22304,1,1
22301,1,1
22300,1,1
22299,0,1
22295,1,1
22294,1,1
22291,1,1
22283,1,1
22281,1,1
22279,1,1
22273,1,1
22268,1,1
22264,1,1
22262,1,1
22261,1,1
22249,1,1
22244,1,1
22243,0,1
22241,0,1
22240,1,1
22236,1,1
22232,1,1
22225,1,1
22223,0,0
22222,0,0
22218,1,1
22211,1,1
22208,1,1
22207,1,1
22205,0,1
22199,1,1
22198,1,1
22194,1,1
22184,1,1
22182,1,1
22156,1,1
22151,1,1
22150,1,1
22148,1,1
22147,0,1
22145,0,1
22144,1,1
22143,1,1
22142,1,1
22139,1,1
22136,1,1
22133,1,1
22131,0,1
22127,0,1
22126,0,1
22125,0,1
22124,0,0
22123,1,1
22122,0,0
22121,1,1
22119,1,1
22118,1,1
22117,0,1
22116,0,0
22115,0,1
22114,1,1
22111,1,1
22110,1,1
22109,1,1
22108,1,1
22107,1,1
22106,1,1
22105,1,1
22104,1,1
22103,1,1
22102,1,0
22101,0,1
22100,1,1
22098,1,1
22095,1,1
22092,1,1
22090,1,1
22062,1,1
22059,0,1
22054,0,1
22050,1,1
22040,1,1
22034,1,1
22027,1,1
22025,0,1
22023,1,1
22022,1,1
22021,1,1
22019,0,1
22017,0,0
22016,1,1
22003,1,1
22002,1,1
22001,1,1
22000,0,0
21999,1,1
21986,1,1
21983,1,1
21982,1,1
21976,0,1
21974,1,1
21973,0,1
21972,1,1
21968,0,1
21964,1,1
21961,1,1
21960,1,1
21959,1,1
21957,0,1
21954,0,1
21948,1,1
21944,1,1
21939,1,1
21938,1,1
21937,1,1
21926,1,1
21924,1,1
21915,1,1
21914,1,1
21912,0,1
21909,1,1
21907,1,1
21904,1,1
21901,1,1
21899,1,1
21896,0,1
21886,1,1
21879,1,1
21878,1,1
21877,1,1
21874,1,1
21873,1,1
21871,1,1
21870,1,1
21866,1,1
21865,1,1
21862,1,1
21861,1,1
21859,1,1
21858,0,1
21857,1,1
21856,1,1
21851,0,1
21850,0,1
21844,1,1
21843,1,1
21839,1,1
21835,0,1
21833,0,1
21827,1,1
21825,1,1
21824,1,1
21818,1,1
21816,1,1
21815,1,1
21808,1,1
21803,1,1
21800,1,1
21799,1,1
21795,1,1
21794,1,1
21793,1,1
21792,1,1
21790,1,1
21789,0,1
21788,1,1
21786,0,1
21781,1,1
21779,1,1
21778,1,1
21777,1,1
21767,1,1
21764,1,1
21759,1,1
21742,1,1
21733,1,1
21720,1,1
21712,1,1
21708,1,1
21534,1,1
21516,0,1
21502,0,1
21435,0,1
21423,0,1
21410,1,1
21399,1,1
21357,0,1
21328,1,1
21320,1,1
21300,1,1
21271,1,1
21247,1,1
21246,1,1
21244,1,1
21229,1,1
21206,1,1
21197,1,1
21195,1,1
21192,0,1
21191,0,1
21187,1,1
21186,0,1
21184,1,1
21182,0,1
21180,1,1
21172,1,1
21170,1,1
21162,1,1
21157,1,1
21152,1,1
21144,1,1
21138,1,1
21116,1,1
21105,1,1
21085,1,1
20980,1,1
20918,1,1
20905,0,1
20863,1,1
20852,1,1
20831,1,1
20762,1,1
20715,1,1
20693,1,1
20692,1,1
20681,1,1
20673,1,1
20670,1,1
20669,1,1
20668,1,1
20664,0,1
20656,0,1
20648,0,1
20646,0,1
20635,1,1
20630,0,1
20629,1,1
20610,1,1
20592,1,1
20587,1,1
20577,1,1
20573,1,1
20571,0,1
20568,1,1
20565,0,1
20562,1,1
20561,1,1
20560,1,1
20555,1,1
20549,0,1
20547,0,1
20543,1,1
20534,1,1
20529,1,1
20527,0,1
20520,1,1
20519,1,1
20516,1,1
20506,1,1
20503,1,1
20501,1,1
20499,1,1
20496,1,1
20472,1,1
20470,1,1
20449,1,1
20437,1,1
20431,1,1
20430,1,1
20421,1,1
20414,1,1
20403,1,1
20391,1,1
20389,1,1
20388,0,1
20386,1,1
20384,1,1
20337,0,1
20334,1,1
20331,1,1
20330,1,1
20322,1,1
20315,1,1
20305,0,1
20299,1,1
20287,1,1
20279,1,1
20271,1,1
20270,0,1
20246,1,1
20245,1,1
20238,0,1
20221,1,1
20220,1,1
20202,1,1
20200,1,1
20187,1,1
20153,1,1
20152,1,1
20151,1,1
20087,1,1
20065,1,1
20062,1,1
20026,1,1
20019,1,1
20016,1,1
20011,1,1
20006,1,1
20005,1,1
20002,1,1
19999,1,1
19996,1,1
19993,1,1
19981,1,1
19979,1,1
19954,1,1
19928,1,1
19921,1,1
19919,1,1
19909,1,1
19906,1,1
19903,1,1
19902,1,1
19866,1,1
19821,1,1
19781,1,1
19671,1,1
19637,1,1
19636,1,1
19633,1,1
19628,1,1
19483,1,1
19477,1,1
19476,1,1
19463,1,1
19434,1,1
19433,1,1
19432,1,1
19429,1,1
19427,1,1
19412,1,1
19408,1,1
19395,1,1
19394,1,1
19393,1,1
19384,1,1
19382,0,1
19372,1,1
19347,1,1
19338,1,1
19332,1,1
19323,1,1
19315,1,1
19309,1,1
19284,1,1
19282,1,1
19259,1,1
19252,0,1
19237,1,1
19232,1,1
19229,1,1
19226,1,1
19223,1,1
19222,0,1
19221,1,1
19220,1,1
19218,1,1
19217,1,1
19215,1,1
19212,0,1
19206,1,1
19205,0,1
19204,0,1
19192,0,1
19189,1,1
19188,1,1
19186,1,1
19185,1,1
19182,1,1
19181,0,1
19179,1,1
19178,0,1
19154,1,1
19146,1,1
19143,1,1
19142,1,1
19132,1,1
19130,1,1
19128,1,1
19127,0,0
19126,0,1
19122,1,1
19121,1,1
19106,1,1
19096,0,1
19085,1,1
19075,1,1
19058,1,1
19056,1,1
19054,1,1
19049,1,1
19048,1,1
19047,1,1
19046,0,1
19044,0,1
19041,1,1
19040,1,1
19038,1,1
19037,1,1
19034,1,1
19033,0,0
19023,1,1
19020,0,0
19019,0,0
19013,1,1
19005,1,1
19004,1,1
18993,1,1
18991,1,1
18989,0,1
18979,1,1
18978,1,1
18970,1,1
18960,0,1
18957,1,1
18954,1,1
18951,1,1
18942,1,1
18931,1,1
18927,1,1
18923,1,1
18919,1,1
18916,1,1
18913,0,1
18908,0,1
18904,0,1
18903,1,1
18902,1,1
18901,0,0
18897,1,1
18891,0,1
18890,0,1
18888,1,1
18886,1,1
18856,1,1
18851,1,1
18842,1,1
18838,1,1
18837,1,1
18835,1,1
18834,1,1
18825,1,1
18817,1,1
18811,1,1
18810,0,1
18809,0,1
18807,1,1
18806,1,1
18804,0,1
18801,1,1
18798,1,1
18792,1,1
18785,1,1
18783,0,1
18768,1,1
18762,1,1
18759,1,1
18741,1,1
18740,1,1
18725,0,1
18722,1,1
18717,1,1
18697,1,1
18682,1,1
18681,1,1
18666,0,1
18650,0,1
18635,1,1
18630,1,1
18620,1,1
18617,1,1
18609,1,1
18601,1,1
18580,1,1
18567,1,1
18566,1,1
18563,1,1
18562,1,1
18553,1,1
18538,1,1
18535,1,1
18534,0,1
18533,1,1
18531,1,1
18527,1,1
18526,0,1
18521,1,1
18518,1,1
18517,1,1
18514,0,1
18511,0,1
18510,1,1
18509,0,1
18483,1,1
18481,1,1
18469,1,1
18461,1,1
18451,1,1
18448,1,1
18441,0,1
18437,0,1
18435,0,1
18434,1,1
18431,0,1
18428,1,1
18426,1,1
18425,1,1
18422,1,1
18417,1,1
18414,1,1
18413,1,1
18412,1,1
18409,1,1
18402,0,1
18398,1,1
18395,1,1
18387,0,1
18385,1,1
18381,1,1
18378,1,1
18377,1,1
18350,1,1
18348,1,1
18344,1,1
18319,1,1
18314,0,1
18303,1,1
18301,1,1
18293,1,1
18261,1,1
18260,1,1
18239,1,1
18235,0,1
18234,1,1
18233,1,1
18229,1,1
18226,1,1
18217,1,1
18216,0,1
18215,1,1
18211,1,1
18210,1,0
18208,1,1
18207,1,1
18206,1,1
18203,1,1
18199,1,1
18194,1,1
18193,1,1
18191,1,1
18187,1,1
18185,1,1
18184,1,1
18182,1,1
18169,1,1
18167,1,1
18166,1,1
18157,1,1
18155,1,1
18154,1,1
18152,1,1
18146,1,1
18144,1,1
18143,0,1
18141,1,1
18120,1,1
18115,0,1
18101,1,1
18100,0,1
18099,0,1
18092,0,1
18091,1,1
18087,1,1
18085,0,1
18065,0,1
18064,1,1
18061,1,1
18060,0,1
18059,1,1
18056,1,1
18055,0,1
18054,1,1
18052,1,1
18051,1,1
18030,1,1
18028,1,1
18024,1,1
18022,1,1
18021,0,1
18019,1,1
18015,1,1
18007,1,1
18006,1,1
17999,1,1
17985,1,1
17980,0,1
17973,1,1
17972,1,1
17971,1,1
17967,0,1
17961,1,1
17960,1,1
17959,1,1
17957,1,1
17952,1,1
17942,1,1
17941,1,1
17932,1,1
17924,0,1
17918,1,1
17914,1,1
17909,1,1
17905,1,1
17903,0,1
17899,1,1
17898,1,1
17891,1,1
17885,1,1
17884,1,1
17883,1,1
17879,1,1
17877,0,1
17874,1,1
17856,0,1
17854,1,1
17853,0,1
17852,0,1
17848,1,1
17847,1,1
17846,1,1
17837,1,1
17834,0,1
17833,1,1
17830,0,1
17829,0,1
17827,0,1
17826,0,1
17825,0,1
17823,0,1
17822,0,1
17821,0,1
17817,0,1
17812,0,1
17811,0,1
17808,0,1
17806,0,0
17805,0,1
17802,0,1
17801,0,0
17800,1,1
17799,1,1
17791,1,1
17790,0,1
17786,0,0
17784,0,0
17773,1,1
17768,1,1
17763,1,1
17760,1,1
17754,1,0
17753,0,0
17750,1,1
17742,1,1
17735,1,1
17727,1,1
17726,1,1
17725,0,1
17713,1,1
17700,1,1
17674,1,1
17662,1,1
17661,0,1
17660,1,1
17651,1,1
17647,1,1
17643,0,1
17581,1,1
17578,1,1
17570,1,1
17560,1,1
17504,1,1
17501,1,1
17414,1,1
17410,1,1
17396,1,1
17387,0,1
17383,0,1
17382,0,1
17369,0,1
17367,0,1
17360,0,1
17352,1,1
17346,1,1
17343,1,1
17330,1,1
17318,0,1
17309,1,1
17302,1,1
17301,0,1
17296,0,1
17291,0,1
17286,0,1
17255,1,1
17247,0,1
17244,1,1
17241,0,1
17238,0,1
17223,1,1
17221,1,1
17201,1,1
17200,1,1
17199,0,1
17198,0,0
17195,0,0
17192,0,1
17190,0,1
17186,1,1
17185,1,1
17177,0,1
17176,1,1
17174,0,0
17166,1,1
17165,0,1
17164,0,0
17163,0,1
17158,0,0
17155,0,0
17154,0,0
17151,1,1
17149,1,1
17148,0,1
17143,0,1
17142,0,1
17138,1,1
17134,1,1
17131,0,1
17127,1,1
17126,0,1
17125,0,0
17124,0,0
17121,1,1
17119,1,1
17118,0,0
17117,1,1
17114,1,1
17113,0,1
17112,0,0
17099,1,1
17084,0,1
17081,1,1
17079,1,0
17078,0,0
17076,0,1
17068,0,0
17067,1,1
17060,0,1
17052,0,1
17043,1,1
17037,1,1
17032,1,1
17028,1,1
17018,1,1
17009,1,1
17000,1,1
16960,1,1
16953,0,1
16942,1,1
16930,1,1
16927,0,1
16916,0,1
16901,0,1
16886,0,1
16875,0,1
16863,0,1
16858,0,1
16851,1,1
16839,1,1
16838,1,1
16834,0,1
16829,0,1
16826,1,1
16820,0,1
16818,0,1
16813,1,1
16810,1,1
16807,1,1
16806,1,1
16800,1,1
16798,1,1
16797,1,1
16790,1,1
16776,1,1
16768,1,1
16754,1,1
16748,0,1
16747,1,1
16736,0,1
16735,1,1
16702,1,1
16697,0,1
16680,1,1
16667,0,1
16662,1,1
16659,1,1
16657,0,1
16651,0,1
16650,0,1
16649,0,1
16648,0,1
16643,1,1
16641,1,1
16640,1,1
16632,1,1
16617,0,1
16612,0,1
16611,0,1
16610,1,1
16604,1,1
16603,1,1
16600,1,1
16597,1,1
16595,0,0
16592,0,0
16588,0,0
16586,0,0
16575,0,0
16574,1,1
16569,1,1
16568,0,0
16564,0,0
16563,0,0
16561,0,0
16557,0,0
16554,1,1
16544,1,1
16540,0,1
16537,1,1
16535,0,1
16534,0,1
16530,1,1
16527,0,0
16526,0,1
16520,0,1
16519,0,0
16518,0,0
16516,0,0
16515,1,0
16502,1,1
16501,0,0
16499,1,1
16498,0,1
16496,0,0
16495,0,0
16491,0,0
16490,0,0
16489,0,0
16488,0,0
16487,0,0
16486,0,0
16485,0,0
16482,0,0
16481,1,0
16477,1,0
16474,0,0
16459,1,1
16457,1,1
16454,1,1
16453,0,0
16444,1,1
16394,1,1
16392,0,1
16390,1,1
16379,1,1
16378,1,1
16376,0,1
16374,1,1
16371,0,1
16362,1,1
16360,1,1
16357,1,1
16354,1,1
16348,1,1
16347,1,1
16346,1,1
16344,1,1
16342,0,1
16335,1,1
16333,0,1
16331,0,0
16330,1,1
16328,0,1
16327,1,1
16319,1,1
16318,0,1
16317,0,0
16310,0,1
16309,1,1
16308,1,1
16303,1,1
16297,1,1
16293,1,1
16292,1,1
16289,0,0
16287,0,0
16286,0,0
16285,1,0
16283,1,0
16282,1,0
16281,0,0
16280,0,0
16278,0,0
16274,0,0
16273,1,0
16271,1,1
16269,1,0
16268,1,1
16266,0,0
16265,0,0
16264,1,1
16263,0,0
16259,0,0
16251,0,0
16250,0,0
16248,0,0
16245,0,0
16243,0,0
16241,0,0
16239,1,0
16238,0,0
16236,1,1
16226,0,1
16224,0,0
16222,1,1
16221,0,0
16209,1,1
16206,1,1
16203,0,1
16201,1,1
16199,0,0
16196,1,1
16193,1,1
16191,1,1
16190,1,1
16189,0,0
16188,0,0
16183,1,0
16178,0,0
16177,0,0
16176,1,1
16175,1,0
16173,1,0
16168,0,1
16160,1,1
16157,1,1
16155,1,1
16154,0,0
16152,0,0
16150,1,1
16141,0,1
16140,1,1
16138,1,1
16126,1,1
16125,0,1
16110,1,1
16106,1,1
16069,1,1
16047,0,1
16044,0,1
16043,0,1
16036,0,1
16031,1,1
16026,1,1
16022,1,1
16015,0,1
15990,1,1
15984,0,1
15981,0,1
15976,0,0
15968,0,1
15967,0,1
15966,1,1
15958,0,0
15931,0,1
15928,1,1
15921,0,1
15918,1,1
15916,0,0
15914,0,0
15912,0,1
15892,1,1
15891,1,1
15890,0,1
15887,0,0
15885,0,1
15883,0,1
15882,0,0
15877,1,1
15876,0,1
15875,0,1
15872,0,1
15870,1,1
15868,1,1
15865,0,1
15864,0,1
15863,1,1
15862,0,1
15861,0,0
15856,0,1
15854,1,1
15853,1,1
15847,0,0
15846,1,1
15845,0,0
15844,0,0
15843,0,0
15834,1,1
15827,1,1
15825,0,0
15815,1,1
15812,0,0
15811,0,0
15809,1,0
15801,1,1
15800,0,1
15797,0,0
15796,0,0
15791,0,0
15786,1,1
15785,0,0
15782,1,1
15766,1,1
15765,0,0
15763,0,0
15762,0,0
15751,1,1
15743,1,1
15740,0,0
15737,0,0
15736,0,0
15735,0,0
15734,0,0
15733,0,0
15732,0,0
15730,0,0
15729,0,0
15728,0,0
15721,0,0
15708,1,1
15707,0,0
15705,0,0
15704,0,0
15702,1,0
15701,1,1
15699,0,0
15698,0,0
15697,1,1
15695,0,0
15688,0,0
15687,0,0
15677,0,0
15670,0,0
15666,0,0
15664,0,0
15650,0,1
15649,0,0
15641,0,0
15638,1,1
15636,0,0
15635,0,0
15615,0,0
15613,1,1
15605,1,1
15604,0,1
15601,1,1
15600,1,1
15597,1,1
15593,0,1
15591,0,1
15585,1,1
15584,0,0
15581,0,0
15580,0,0
15577,0,0
15576,1,1
15570,1,1
15568,0,0
15567,0,0
15563,0,0
15559,0,0
15556,0,0
15555,0,0
15554,0,0
15553,0,0
15551,0,0
15549,1,1
15542,0,0
15541,0,0
15535,1,1
15533,0,0
15532,0,0
15531,1,1
15526,0,0
15525,1,1
15523,0,0
15522,1,1
15520,1,0
15519,0,0
15487,1,1
15481,1,1
15472,1,1
15465,1,1
15464,0,1
15461,1,1
15434,1,1
15433,1,1
15432,1,1
15417,1,1
15414,1,1
15411,1,1
15410,1,1
15409,1,1
15395,1,1
15383,1,1
15380,0,1
15363,1,1
15362,1,1
15361,1,1
15359,0,1
15357,1,1
15352,1,1
15341,0,1
15334,0,1
15332,0,1
15323,1,1
15319,1,1
15310,0,1
15301,1,1
15293,1,1
15291,1,1
15284,1,1
15277,1,1
15255,1,1
15252,1,1
15245,1,1
15240,1,1
15238,1,1
15237,0,1
15236,0,1
15230,1,1
15229,1,1
15221,1,1
15210,1,1
15205,1,1
15198,1,1
15197,1,1
15186,1,1
15177,0,1
15175,0,1
15169,0,1
15126,1,1
15104,1,1
15098,1,1
15096,0,1
15091,0,1
15078,0,1
15073,1,1
15070,1,1
15069,1,1
15068,1,1
15063,1,1
15056,1,1
15044,1,1
15034,0,1
15033,1,1
15031,1,1
15026,1,1
15022,1,1
15021,1,1
15011,1,1
15004,1,1
14985,1,1
14980,1,1
14979,0,1
14967,1,1
14956,1,1
14950,1,1
14948,0,1
14944,0,1
14934,1,1
14932,0,1
14930,1,1
14921,1,1
14918,1,1
14917,1,1
14914,0,1
14911,1,1
14903,1,1
14901,1,1
14895,1,1
14883,0,1
14865,1,1
14863,0,1
14850,0,1
14845,0,1
14810,1,1
14809,1,1
14803,1,1
14790,1,1
14783,1,1
14777,0,1
14775,1,1
14773,1,1
14755,1,1
14747,1,1
14745,1,1
14731,1,1
14728,0,1
14727,1,1
14726,1,1
14724,1,1
14723,1,1
14722,1,1
14718,0,1
14717,1,1
14704,1,1
14703,1,1
14696,1,1
14693,1,1
14692,0,1
14682,1,1
14678,1,1
14677,1,1
14665,1,1
14663,1,1
14649,1,1
14645,1,1
14640,1,1
14639,1,1
14638,0,1
14631,1,1
14628,0,1
14626,1,1
14625,1,1
14624,1,1
14614,1,1
14606,1,1
14604,1,1
14603,1,1
14597,1,1
14589,1,1
14586,1,1
14581,1,1
14579,1,1
14557,1,1
14550,1,1
14519,1,1
14513,1,1
14511,1,1
14510,0,1
14496,0,1
14487,1,1
14486,1,1
14475,1,1
14460,1,1
14457,1,1
14452,1,1
14435,1,1
14427,1,1
14426,1,1
14425,1,1
14422,0,1
14420,1,1
14418,1,1
14417,1,1
14416,0,1
14409,1,1
14395,1,1
14384,1,1
14382,0,1
14380,1,1
14369,1,1
14368,1,1
14361,1,1
14360,1,1
14358,1,1
14357,1,1
14354,1,1
14351,1,1
14342,1,1
14334,0,1
14333,1,1
14332,1,1
14306,0,1
14305,1,1
14303,1,1
14291,0,1
14290,1,1
14289,1,1
14288,0,1
14287,1,1
14285,1,1
14284,1,1
14283,1,1
14282,1,1
14280,1,1
14279,1,1
14271,1,1
14264,1,1
14260,1,1
14251,1,1
14237,1,1
14236,1,1
14230,1,1
14228,1,1
14226,1,1
14214,1,1
14212,1,1
14211,0,1
14202,0,1
14178,0,1
14177,1,1
14176,1,1
14141,1,1
14130,1,1
14129,0,1
14105,1,1
14102,1,1
14101,0,1
14093,0,1
14088,1,1
14084,0,1
14081,1,1
14075,1,1
14073,1,1
14066,1,1
14065,1,1
14042,0,1
14036,0,1
14035,1,1
14030,0,1
14029,1,1
14028,1,1
14027,0,1
14024,1,1
14021,1,1
14017,1,1
14016,1,1
14013,0,0
14011,0,0
14010,1,1
14004,1,1
13991,1,1
13990,0,1
13979,0,1
13977,1,1
13976,0,0
13971,0,1
13969,0,0
13965,0,1
13963,1,1
13961,1,1
13953,1,1
13946,1,1
13944,0,1
13943,1,1
13942,1,1
13938,1,1
13935,1,1
13926,1,1
13911,1,1
13908,1,1
13907,1,1
13906,0,0
13905,1,1
13904,0,1
13903,1,1
13897,0,0
13883,0,1
13882,0,0
13879,1,1
13868,1,1
13866,1,1
13859,1,1
13858,0,1
13856,0,0
13855,1,0
13854,0,1
13851,1,0
13847,0,1
13845,0,1
13835,1,1
13828,1,1
13827,0,0
13826,0,1
13822,1,1
13821,0,0
13820,1,1
13819,0,0
13809,0,1
13808,0,1
13801,1,1
13795,0,1
13794,1,1
13788,1,1
13782,1,1
13781,1,1
13778,1,1
13775,0,1
13764,0,1
13763,0,1
13762,1,1
13760,0,1
13758,1,1
13757,1,1
13755,1,1
13753,1,1
13752,1,1
13748,0,0
13742,1,0
13736,1,0
13727,1,0
13716,1,0
13715,0,0
13714,0,0
13706,1,0
13705,1,0
13704,0,0
13703,0,0
13698,0,0
13692,1,0
13690,1,0
13687,1,0
13685,1,0
13684,1,0
13681,1,0
13678,1,0
13675,1,0
13674,0,0
13673,0,0
13671,0,0
13669,0,0
13668,0,0
13667,1,0
13657,1,0
13655,1,0
13654,1,0
13651,0,0
13650,0,0
13649,1,0
13642,1,0
13640,1,0
13635,1,0
13633,1,0
13632,1,0
13631,1,0
13630,0,0
13629,0,0
13628,0,0
13627,1,0
13624,1,0
13623,0,0
13621,0,0
13620,0,0
13619,0,0
13615,0,0
13612,1,0
13608,1,0
13607,1,0
13600,1,0
13597,1,0
13593,1,0
13590,0,0
13589,0,0
13585,1,0
13579,1,0
13578,1,0
13577,0,0
13576,1,0
13574,1,0
13570,1,0
13567,0,0
13566,0,0
13560,0,0
13554,1,0
13553,0,0
13551,1,0
13543,0,0
13536,1,0
13535,1,0
13534,0,0
13532,1,0
13530,0,0
13524,1,0
13522,0,0
13515,0,0
13514,1,0
13512,1,0
13507,1,0
13504,1,0
13502,0,0
13501,1,0
13498,1,0
13497,0,0
13496,0,0
13491,1,0
13481,1,0
13479,1,0
13476,1,0
13473,1,0
13472,1,0
13470,1,0
13467,1,0
13462,1,0
13460,1,0
13458,1,0
13455,0,0
13450,1,0
13449,0,0
13447,0,0
13441,0,0
13440,0,0
13439,0,0
13435,0,0
13431,0,0
13429,0,0
13428,1,0
13427,0,0
13426,1,0
13424,1,0
13421,1,0
13417,1,0
13416,0,0
13415,0,0
13413,0,0
13411,0,0
13409,0,0
13408,0,0
13394,1,0
13392,1,0
13389,0,0
13369,0,0
13365,1,0
13363,0,0
13362,1,0
13361,0,0
13360,0,0
13359,0,0
13358,0,0
13356,0,0
13355,0,0
13354,0,0
13353,0,0
13350,0,0
13349,0,0
13345,0,0
13342,1,0
13341,0,0
13340,0,0
13335,1,0
13333,0,0
13331,0,0
13310,0,0
13307,0,0
13306,1,0
13304,0,0
13303,0,0
13302,0,0
13299,0,0
13294,0,0
13293,1,0
13292,0,0
13277,1,0
13274,1,0
13269,1,0
13267,0,0
13266,0,0
13265,0,0
13263,0,0
13259,0,0
13243,0,0
13242,0,0
13241,0,0
13240,1,0
13239,0,0
13227,1,0
13226,1,0
13224,1,0
13222,0,0
13219,1,0
13218,1,0
13210,1,0
13205,1,0
13202,0,0
13197,0,0
13192,0,0
13191,0,0
13190,0,0
13185,1,0
13183,0,0
13154,1,0
13150,1,0
13149,1,0
13148,0,0
13147,1,0
13146,1,0
13137,0,0
13134,1,0
13130,0,0
13124,0,0
13121,0,0
13114,0,0
13111,0,0
13109,0,0
13107,0,0
13104,1,0
13103,0,0
13101,0,0
13100,0,0
13098,0,0
13095,1,0
13092,1,0
13091,0,0
13088,0,0
13086,0,0
13084,0,0
13083,0,0
13081,0,0
13080,0,0
13079,0,0
13078,0,0
13074,0,0
13069,0,0
13067,0,0
13064,1,0
13063,0,0
13062,1,0
13059,1,0
13058,0,0
13049,0,0
13048,0,0
13020,1,0
13019,1,0
13003,1,0
12992,0,0
12983,1,0
12979,1,0
12976,1,0
12973,1,0
12960,0,0
12946,1,0
12938,1,0
12937,0,0
12936,1,0
12935,0,0
12933,0,0
12930,0,0
12928,0,0
12917,1,0
12916,0,0
12914,1,0
12910,0,0
12908,1,0
12904,0,0
12903,0,0
12900,1,0
12892,0,0
12889,0,0
12881,0,0
12874,0,0
12870,0,0
12869,1,0
12868,0,0
12867,0,0
12865,1,0
12864,0,0
12862,0,0
12860,1,0
12859,1,0
12849,1,0
12846,0,0
12845,1,0
12837,0,0
12830,1,0
12826,1,0
12825,1,0
12822,1,0
12820,0,0
12818,0,0
12817,0,0
12814,0,0
12812,1,0
12803,0,0
12788,0,0
12787,1,0
12779,1,0
12775,1,0
12772,1,0
12770,1,0
12769,0,0
12766,0,0
12765,0,0
12764,0,0
12763,0,0
12761,0,0
12759,1,0
12755,1,0
12753,0,0
12751,1,0
12749,0,0
12745,0,0
12744,0,0
12743,0,0
12741,0,0
12737,0,0
12736,0,0
12735,0,0
12734,0,0
12730,1,0
12728,0,0
12727,0,0
12725,0,0
12724,0,0
12723,0,0
12722,0,0
12721,0,0
12720,0,0
12719,0,0
12718,0,0
12717,0,0
12716,0,0
12701,1,0
12683,0,0
12677,0,0
12673,0,0
12668,1,0
12648,0,0
12646,0,0
12645,0,0
12624,0,0
12608,0,0
12596,0,0
12589,0,0
12579,1,0
12568,0,0
12567,0,0
12566,0,0
12564,0,0
12560,0,0
12548,1,0
12544,0,0
12537,0,0
12532,0,0
12530,0,0
12522,0,0
12515,0,0
12506,1,0
12505,0,0
12502,0,0
12499,1,0
12498,0,0
12494,0,0
12484,1,0
12482,0,0
12481,0,0
12473,1,0
12472,0,0
12470,0,0
12469,0,0
12467,1,0
12466,0,0
12465,0,0
12461,1,0
12460,0,0
12450,1,0
12448,1,0
12446,0,0
12444,1,0
12442,0,0
12431,1,0
12425,1,0
12423,0,0
12418,0,0
12409,0,0
12407,0,0
12403,0,0
12401,0,0
12400,1,0
12398,0,0
12396,0,0
12395,1,0
12393,0,0
12390,1,0
12389,0,0
12387,0,0
12386,1,0
12379,0,0
12377,0,0
12376,0,0
12375,0,0
12367,0,0
12362,0,0
12360,0,0
12355,0,0
12354,1,0
12352,0,0
12350,0,0
12349,0,0
12348,0,0
12347,0,0
12338,0,0
12336,0,0
12332,1,0
12331,0,0
12329,0,0
12328,1,0
12327,1,0
12325,0,0
12321,0,0
12315,0,0
12314,0,0
12312,0,0
12304,0,0
12303,1,0
12300,1,0
12299,0,0
12297,0,0
12296,0,0
12295,0,0
12294,0,0
12293,0,0
12288,0,0
12287,0,0
12286,0,0
12283,0,0
12282,0,0
12280,0,0
12279,0,0
12276,1,0
12275,0,0
12274,1,0
12273,0,0
12271,0,0
12270,0,0
12269,0,0
12268,0,0
12267,0,0
12265,0,0
12264,0,0
12263,0,0
12262,0,0
12261,0,0
12258,0,0
12257,0,0
12252,0,0
12249,1,0
12247,0,0
12246,1,0
12244,0,0
12243,0,0
12241,0,0
12237,1,0
12233,0,0
12231,0,0
12230,0,0
12228,0,0
12225,1,0
12224,0,0
12222,1,0
12221,0,0
12219,0,0
12218,0,0
12215,1,0
12209,0,0
12205,0,0
12204,0,0
12196,1,0
12190,0,0
12185,1,0
12183,1,0
12179,0,0
12178,0,0
12177,0,0
12174,0,0
12173,1,0
12167,0,0
12163,1,0
12160,1,0
12156,1,0
12151,1,0
12144,0,0
12141,1,0
12140,0,0
12139,1,0
12137,1,0
12136,1,0
12132,0,0
12130,1,0
12129,1,0
12128,1,0
12126,0,0
12122,1,0
12117,1,0
12116,1,0
12112,1,0
12109,1,0
12106,0,0
12104,0,0
12103,0,0
12100,0,0
12099,0,0
12094,1,0
12093,1,0
12088,1,0
12087,0,0
12080,1,0
12074,1,0
12073,1,0
12071,1,0
12070,1,0
12069,1,0
12062,1,0
12056,1,0
12055,0,0
12054,1,0
12053,1,0
12044,1,0
12038,1,0
12033,1,0
12032,1,0
12031,0,0
12028,1,0
12026,1,0
12019,0,0
12017,0,0
12011,0,0
12010,0,0
12009,0,0
12006,0,0
12005,0,0
12004,0,0
12003,0,0
11995,1,0
11994,1,0
11992,0,0
11989,0,0
11988,0,0
11986,0,0
11985,0,0
11983,0,0
11981,0,0
11980,0,0
11974,0,0
11973,1,0
11972,1,0
11971,1,0
11970,1,0
11961,1,0
11952,1,0
11951,1,0
11950,1,0
11948,1,0
11947,0,0
11945,1,0
11939,0,0
11932,0,0
11931,1,0
11930,1,0
11929,1,0
11926,0,0
11925,0,0
11924,0,0
11923,0,0
11922,0,0
11920,0,0
11919,0,0
11918,0,0
11912,0,0
11908,0,0
11897,1,0
11890,1,0
11887,1,0
11874,0,0
11869,0,0
11867,0,0
11864,0,0
11863,0,0
11862,0,0
11861,0,0
11857,0,0
11855,0,0
11854,0,0
11850,0,0
11849,1,0
11848,0,0
11847,0,0
11842,1,0
11841,1,0
11835,0,0
11828,1,0
11819,1,0
11812,1,0
11810,0,0
11809,0,0
11808,0,0
11805,0,0
11798,0,0
11791,0,0
11785,1,0
11783,1,0
11781,1,0
11771,1,0
11770,1,0
11768,1,0
11767,1,0
11762,1,0
11760,0,0
11758,0,0
11747,0,0
11745,0,0
11743,0,0
11740,0,0
11739,0,0
11737,0,0
11734,0,0
11724,0,0
11721,0,0
11720,0,0
11719,0,0
11718,0,0
11716,1,0
11706,1,0
11689,1,0
11688,0,0
11680,1,0
11678,0,0
11673,1,0
11671,1,0
11668,1,0
11667,0,0
11665,1,0
11664,0,0
11661,0,0
11659,0,0
11655,0,0
11653,1,0
11649,1,0
11648,0,0
11646,1,0
11643,0,0
11641,0,0
11639,1,0
11636,1,0
11635,1,0
11634,1,0
11632,1,0
11630,1,0
11626,1,0
11624,1,0
11622,1,0
11618,1,0
11612,1,0
11610,0,0
11608,1,0
11605,1,0
11602,1,0
11596,1,0
11595,1,0
11594,0,0
11578,1,0
11577,1,0
11575,0,0
11573,0,0
11570,1,0
11567,1,0
11565,1,0
11560,1,0
11558,1,0
11551,1,0
11526,1,0
11488,0,0
11480,0,0
11476,0,0
11466,0,0
11457,0,0
11454,0,0
11451,1,0
11441,1,0
11433,1,0
11430,0,0
11428,0,0
11426,0,0
11414,0,0
11408,0,0
11398,0,0
11394,0,0
11388,0,0
11387,0,0
11386,0,0
11385,0,0
11383,0,0
11374,0,0
11372,0,0
11369,0,0
11357,1,0
11356,1,0
11351,1,0
11348,1,0
11347,0,0
11346,0,0
11344,0,0
11342,0,0
11341,0,0
11340,0,0
11337,0,0
11336,0,0
11335,0,0
11333,0,0
11332,0,0
11330,0,0
11329,1,0
11313,0,0
11309,0,0
11308,0,0
11306,0,0
11299,1,0
11287,0,0
11283,0,0
11279,0,0
11278,0,0
11277,0,0
11276,0,0
11274,0,0
11273,0,0
11268,0,0
11267,0,0
11266,0,0
11265,0,0
11264,0,0
11262,0,0
11261,0,0
11258,0,0
11256,0,0
11254,0,0
11253,0,0
11252,0,0
11251,0,0
11250,0,0
11249,0,0
11248,0,0
11243,1,0
11242,0,0
11241,0,0
11240,0,0
11239,0,0
11237,0,0
11228,1,0
11227,0,0
11226,1,0
11223,0,0
11219,0,0
11218,0,0
11203,1,0
11202,0,0
11198,1,0
11197,1,0
11193,1,0
11191,0,0
11183,0,0
11168,0,0
11166,1,0
11164,0,0
11163,0,0
11161,0,0
11158,1,0
11157,0,0
11156,1,0
11155,0,0
11154,0,0
11153,0,0
11152,0,0
11147,1,0
11146,1,0
11145,0,0
11144,0,0
11143,0,0
11140,1,0
11137,1,0
11136,0,0
11133,1,0
11132,0,0
11131,0,0
11126,0,0
11125,0,0
11118,0,0
11114,0,0
11113,0,0
11103,1,0
11101,1,0
11099,1,0
11098,0,0
11091,1,0
11087,0,0
11086,0,0
11084,0,0
11083,0,0
11082,0,0
11081,0,0
11078,0,0
11075,0,0
11069,1,0
11068,1,0
11066,1,0
11065,1,0
11064,0,0
11062,1,0
11061,0,0
11050,1,0
11049,0,0
11048,0,0
11047,1,0
11044,1,0
11043,0,0
11042,0,0
11035,1,0
11034,1,0
11031,0,0
11030,0,0
11023,0,0
11022,0,0
11015,1,0
11013,0,0
11012,0,0
11011,1,0
11009,0,0
11005,1,0
11004,1,0
11002,0,0
10994,0,0
10993,0,0
10992,0,0
10991,0,0
10990,0,0
10989,0,0
10987,0,0
10981,0,0
10974,0,0
10973,0,0
10970,0,0
10967,1,0
10966,0,0
10961,1,0
10959,0,0
10955,1,0
10951,0,0
10947,0,0
10941,1,0
10940,0,0
10938,1,0
10933,1,0
10932,0,0
10928,0,0
10927,0,0
10926,0,0
10925,0,0
10924,1,0
10923,0,0
10922,0,0
10921,0,0
10920,0,0
10919,1,0
10917,0,0
10916,0,0
10914,0,0
10913,0,0
10902,1,0
10897,0,0
10896,0,0
10890,0,0
10882,0,0
10877,0,0
10876,0,0
10875,0,0
10872,0,0
10871,0,0
10870,0,0
10869,0,0
10868,0,0
10864,1,0
10862,0,0
10861,0,0
10859,0,0
10857,0,0
10856,0,0
10855,0,0
10854,0,0
10853,0,0
10852,0,0
10849,1,0
10848,0,0
10844,0,0
10843,0,0
10842,0,0
10841,0,0
10822,0,0
10819,0,0
10818,1,0
10817,0,0
10815,0,0
10814,0,0
10813,0,0
10812,0,0
10811,0,0
10810,0,0
10809,0,0
10807,0,0
10804,0,0
10796,0,0
10788,0,0
10786,0,0
10784,0,0
10782,0,0
10781,0,0
10776,0,0
10775,0,0
10774,0,0
10773,1,0
10767,0,0
10760,0,0
10752,1,0
10751,0,0
10748,1,0
10747,0,0
10744,0,0
10741,0,0
10738,0,0
10736,0,0
10734,0,0
10733,0,0
10732,0,0
10731,0,0
10730,0,0
10728,0,0
10727,0,0
10725,0,0
10720,0,0
10719,0,0
10718,0,0
10717,0,0
10716,0,0
10714,0,0
10713,0,0
10709,0,0
10708,0,0
10704,0,0
10702,0,0
10701,0,0
10700,0,0
10698,0,0
10697,0,0
10696,0,0
10695,0,0
10693,0,0
10690,0,0
10687,0,0
10686,0,0
10685,0,0
10684,0,0
10683,0,0
10682,0,0
10670,0,0
10668,0,0
10667,0,0
10666,0,0
10665,0,0
10664,0,0
10663,0,0
10662,0,0
10658,0,0
10657,0,0
10642,1,0
10641,0,0
10638,0,0
10635,0,0
10627,1,0
10624,1,0
10623,1,0
10621,0,0
10617,0,0
10614,0,0
10612,0,0
10609,1,0
10599,0,0
10597,0,0
10596,0,0
10595,0,0
10593,0,0
10592,0,0
10589,0,0
10587,0,0
10585,0,0
10584,0,0
10580,0,0
10579,0,0
10578,0,0
10573,0,0
10570,0,0
10560,0,0
10559,0,0
10549,0,0
10548,0,0
10544,0,0
10541,0,0
10538,0,0
10537,0,0
10532,0,0
10530,0,0
10522,0,0
10519,0,0
10518,0,0
10517,0,0
10513,0,0
10510,0,0
10508,1,0
10505,0,0
10500,0,0
10499,0,0
10498,0,0
10497,0,0
10496,0,0
10493,0,0
10491,0,0
10490,0,0
10489,1,0
10479,1,0
10478,0,0
10474,1,0
10471,0,0
10470,0,0
10468,0,0
10467,1,0
10466,0,0
10465,0,0
10463,0,0
10459,0,0
10456,0,0
10454,0,0
10448,1,0
10447,0,0
10439,0,0
10438,1,0
10417,0,0
10393,1,0
10385,1,0
10374,0,0
10372,1,0
10370,0,0
10369,0,0
10368,0,0
10362,0,0
10361,0,0
10360,1,0
10359,0,0
10358,0,0
10353,0,0
10345,1,0
10343,1,0
10337,1,0
10336,1,0
10335,1,0
10334,0,0
10333,0,0
10332,1,0
10331,0,0
10329,0,0
10328,0,0
10327,0,0
10326,0,0
10325,0,0
10324,0,0
10323,0,0
10315,0,0
10314,0,0
10313,0,0
10312,0,0
10311,0,0
10310,0,0
10309,0,0
10308,0,0
10307,0,0
10305,0,0
10304,0,0
10303,0,0
10302,0,0
10301,0,0
10300,1,0
10299,0,0
10297,0,0
10296,0,0
10295,0,0
10292,1,0
10290,0,0
10287,0,0
10285,0,0
10283,0,0
10282,0,0
10277,0,0
10271,1,0
10269,0,0
10268,0,0
10267,0,0
10266,1,0
10265,0,0
10262,1,0
10261,0,0
10260,0,0
10259,0,0
10254,0,0
10253,0,0
10252,0,0
10251,1,0
10247,0,0
10243,0,0
10242,0,0
10241,0,0
10240,0,0
10239,0,0
10237,0,0
10236,0,0
10232,0,0
10227,0,0
10226,0,0
10224,0,0
10223,1,0
10221,0,0
10216,1,0
10215,0,0
10214,0,0
10213,0,0
10212,0,0
10211,0,0
10210,0,0
10199,0,0
10195,1,0
10191,1,0
10188,0,0
10184,0,0
10182,1,0
10181,0,0
10180,0,0
10175,0,0
10172,1,0
10171,0,0
10170,0,0
10168,1,0
10164,0,0
10161,0,0
10159,0,0
10158,0,0
10157,1,0
10155,0,0
10154,0,0
10150,0,0
10149,0,0
10148,0,0
10145,0,0
10142,1,0
10141,0,0
10140,0,0
10138,1,0
10137,1,0
10136,1,0
10123,1,0
10116,1,0
10115,1,0
10108,0,0
10107,1,0
10100,1,0
10098,0,0
10096,0,0
10083,1,0
10081,0,0
10080,1,0
10079,0,0
10078,0,0
10077,0,0
10076,0,0
10074,0,0
10073,1,0
10071,0,0
10070,0,0
10068,0,0
10059,0,0
10058,0,0
10055,1,0
10052,0,0
10051,0,0
10048,0,0
10047,1,0
10046,0,0
10045,1,0
10043,1,0
10042,1,0
10041,1,0
10040,0,0
10034,0,0
10033,0,0
10031,0,0
10030,1,0
10028,0,0
10027,0,0
10024,0,0
10023,0,0
10021,1,0
10018,1,0
10017,0,0
10015,0,0
10014,0,0
10013,0,0
10012,0,0
10011,0,0
10009,0,0
10008,0,0
10005,0,0
10004,0,0
10003,0,0
10000,0,0
9999,0,0
9997,0,0
9994,0,0
9993,0,0
9992,0,0
9988,0,0
9987,0,0
9986,0,0
9985,0,0
9983,0,0
9973,0,0
9972,0,0
9971,0,0
9970,0,0
9969,0,0
9968,0,0
9967,0,0
9966,0,0
9965,0,0
9964,0,0
9963,0,0
9962,0,0
9961,1,0
9959,0,0
9958,0,0
9957,0,0
9955,0,0
9953,0,0
9952,0,0
9951,0,0
9950,0,0
9949,0,0
9948,0,0
9944,0,0
9943,0,0
9942,0,0
9940,0,0
9938,1,0
9934,0,0
9933,0,0
9932,0,0
9928,0,0
9927,0,0
9926,0,0
9925,0,0
9924,0,0
9922,0,0
9921,1,0
9920,0,0
9907,1,0
9906,0,0
9905,0,0
9904,0,0
9903,0,0
9902,0,0
9901,0,0
9900,0,0
9891,1,0
9888,0,0
9887,0,0
9886,0,0
9884,0,0
9883,0,0
9882,0,0
9881,0,0
9878,0,0
9877,0,0
9875,0,0
9874,0,0
9873,0,0
9872,0,0
9871,0,0
9870,0,0
9869,0,0
9868,0,0
9866,0,0
9865,0,0
9863,0,0
9862,0,0
9861,1,0
9860,1,0
9859,0,0
9858,0,0
9857,0,0
9855,0,0
9854,0,0
9853,1,0
9851,1,0
9847,0,0
9846,1,0
9845,1,0
9844,0,0
9843,0,0
9834,0,0
9831,1,0
9830,0,0
9829,0,0
9828,0,0
9827,0,0
9822,0,0
9821,0,0
9820,0,0
9818,0,0
9810,0,0
9809,0,0
9808,0,0
9807,0,0
9806,0,0
9805,0,0
9804,0,0
9803,0,0
9802,0,0
9801,0,0
9799,0,0
9798,0,0
9797,0,0
9794,0,0
9793,1,0
9792,1,0
9780,0,0
9776,0,0
9775,0,0
9774,0,0
9773,1,0
9772,0,0
9765,1,0
9764,0,0
9763,0,0
9761,1,0
9760,0,0
9759,0,0
9758,0,0
9756,1,0
9755,1,0
9754,0,0
9748,1,0
9745,1,0
9744,0,0
9743,0,0
9734,0,0
9732,0,0
9726,0,0
9722,0,0
9716,1,0
9714,1,0
9705,1,0
9704,0,0
9703,0,0
9701,0,0
9700,0,0
9699,0,0
9694,0,0
9692,1,0
9691,0,0
9690,0,0
9689,0,0
9687,0,0
9686,1,0
9684,1,0
9682,0,0
9678,0,0
9677,0,0
9676,0,0
9674,0,0
9671,0,0
9670,1,0
9669,0,0
9667,0,0
9666,0,0
9665,0,0
9663,0,0
9662,0,0
9661,0,0
9660,0,0
9659,0,0
9658,0,0
9657,0,0
9654,0,0
9653,0,0
9652,1,0
9651,1,0
9650,1,0
9649,0,0
9648,0,0
9647,0,0
9646,0,0
9645,0,0
9644,0,0
9643,0,0
9642,0,0
9641,0,0
9639,1,0
9637,0,0
9636,1,0
9635,0,0
9634,0,0
9633,0,0
9632,0,0
9631,1,0
9630,0,0
9629,0,0
9628,1,0
9626,0,0
9625,0,0
9624,0,0
9623,0,0
9622,0,0
9618,1,0
9617,0,0
9616,0,0
9615,1,0
9614,0,0
9613,0,0
9608,1,0
9606,0,0
9605,0,0
9604,0,0
9597,1,0
9583,1,0
9574,0,0
9573,0,0
9572,0,0
9564,0,0
9562,0,0
9561,0,0
9552,1,0
9551,0,0
9550,0,0
9549,1,0
9548,1,0
9546,0,0
9545,0,0
9544,0,0
9540,0,0
9539,1,0
9538,0,0
9537,0,0
9536,0,0
9535,0,0
9531,0,0
9529,0,0
9527,1,0
9526,0,0
9525,0,0
9524,0,0
9521,0,0
9520,0,0
9519,0,0
9517,0,0
9516,0,0
9515,0,0
9512,0,0
9511,0,0
9508,1,0
9507,0,0
9506,0,0
9505,0,0
9504,0,0
9503,0,0
9502,0,0
9501,0,0
9500,0,0
9498,0,0
9497,0,0
9496,0,0
9495,0,0
9494,1,0
9493,0,0
9492,0,0
9491,0,0
9490,1,0
9485,0,0
9484,1,0
9482,1,0
9481,0,0
9480,0,0
9479,0,0
9478,0,0
9472,0,0
9471,0,0
9468,0,0
9467,0,0
9459,0,0
9458,0,0
9457,0,0
9456,0,0
9455,0,0
9454,0,0
9452,0,0
9450,0,0
9448,0,0
9435,0,0
9429,0,0
9428,0,0
9419,1,0
9418,0,0
9417,0,0
9416,0,0
9412,0,0
9411,1,0
9406,0,0
9404,1,0
9402,1,0
9400,0,0
9399,1,0
9397,0,0
9396,0,0
9395,0,0
9394,0,0
9393,0,0
9392,0,0
9391,0,0
9388,1,0
9387,0,0
9386,0,0
9385,0,0
9383,0,0
9382,1,0
9381,0,0
9380,1,0
9379,0,0
9378,0,0
9377,0,0
9375,0,0
9374,0,0
9373,0,0
9372,0,0
9371,0,0
9370,0,0
9369,1,0
9368,0,0
9367,0,0
9366,0,0
9365,0,0
9363,0,0
9362,0,0
9361,0,0
9359,0,0
9357,0,0
9355,1,0
9349,1,0
9348,1,0
9347,1,0
9345,0,0
9344,0,0
9343,0,0
9342,0,0
9339,1,0
9335,0,0
9332,1,0
9330,1,0
9324,1,0
9320,1,0
9316,1,0
9306,1,0
9305,1,0
9301,1,0
9278,1,0
9276,1,0
9274,0,0
9272,0,0
9264,0,0
9258,0,0
9255,0,0
9244,0,0
9240,1,0
9238,0,0
9235,0,0
9219,0,0
9218,0,0
9217,1,0
9212,1,0
9209,0,0
9201,0,0
9198,1,0
9195,0,0
9194,0,0
9193,1,0
9190,0,0
9189,0,0
9186,0,0
9185,0,0
9184,0,0
9183,0,0
9182,0,0
9178,1,0
9176,1,0
9175,0,0
9169,0,0
9168,0,0
9167,1,0
9166,0,0
9164,1,0
9161,1,0
9160,0,0
9159,0,0
9158,0,0
9154,0,0
9153,0,0
9152,0,0
9150,0,0
9148,0,0
9145,0,0
9140,0,0
9139,0,0
9138,0,0
9136,0,0
9134,0,0
9132,0,0
9131,0,0
9128,0,0
9127,0,0
9125,0,0
9124,0,0
9119,1,0
9118,0,0
9115,0,0
9112,0,0
9111,0,0
9109,0,0
9105,0,0
9100,0,0
9098,0,0
9097,0,0
9095,0,0
9094,1,0
9093,0,0
9090,0,0
9088,0,0
9087,0,0
9086,0,0
9085,0,0
9084,0,0
9083,0,0
9082,0,0
9081,0,0
9079,0,0
9077,0,0
9068,0,0
9067,0,0
9064,0,0
9062,0,0
9060,0,0
9041,0,0
9039,1,0
9038,0,0
9035,0,0
9034,0,0
9033,0,0
9031,0,0
9030,0,0
9025,0,0
9021,0,0
9018,0,0
9016,0,0
9015,1,0
9013,0,0
9012,0,0
9011,0,0
9010,0,0
9007,0,0
9005,0,0
9004,0,0
9002,0,0
9001,0,0
9000,1,0
8998,0,0
8996,0,0
8994,0,0
8987,0,0
8986,0,0
8985,0,0
8984,0,0
8980,0,0
8979,0,0
8977,0,0
8972,1,0
8969,1,0
8968,0,0
8965,0,0
8963,0,0
8958,0,0
8957,0,0
8956,0,0
8949,0,0
8941,0,0
8938,0,0
8934,0,0
8933,0,0
8930,0,0
8923,0,0
8922,0,0
8921,0,0
8920,0,0
8919,0,0
8918,0,0
8917,0,0
8916,0,0
8914,0,0
8913,0,0
8912,1,0
8910,0,0
8905,1,0
8903,0,0
8902,1,0
8900,0,0
8894,0,0
8891,0,0
8888,1,0
8887,0,0
8886,0,0
8884,0,0
8883,0,0
8881,0,0
8879,0,0
8876,1,0
8875,0,0
8874,0,0
8873,0,0
8872,0,0
8871,0,0
8870,0,0
8868,0,0
8867,0,0
8866,0,0
8865,0,0
8864,0,0
8860,0,0
8858,0,0
8855,1,0
8852,0,0
8849,1,0
8845,1,0
8843,0,0
8840,0,0
8838,0,0
8837,0,0
8836,0,0
8835,0,0
8832,0,0
8827,0,0
8825,0,0
8824,0,0
8822,1,0
8821,0,0
8817,0,0
8814,1,0
8810,0,0
8809,0,0
8808,1,0
8807,0,0
8801,0,0
8800,0,0
8799,0,0
8797,1,0
8792,1,0
8791,0,0
8790,0,0
8788,0,0
8787,0,0
8785,1,0
8784,1,0
8781,0,0
8778,1,0
8777,0,0
8775,0,0
8774,0,0
8772,0,0
8771,0,0
8769,0,0
8767,1,0
8766,0,0
8765,0,0
8762,1,0
8761,0,0
8758,1,0
8757,0,0
8756,0,0
8755,0,0
8753,0,0
8751,0,0
8749,0,0
8748,1,0
8742,1,0
8740,0,0
8739,0,0
8736,1,0
8735,0,0
8734,1,0
8733,0,0
8732,0,0
8731,0,0
8730,0,0
8729,0,0
8728,0,0
8727,0,0
8726,1,0
8718,0,0
8708,0,0
8707,1,0
8702,0,0
8701,0,0
8700,0,0
8689,0,0
8681,0,0
8670,0,0
8667,0,0
8659,0,0
8658,0,0
8656,0,0
8653,1,0
8652,0,0
8650,0,0
8648,1,0
8646,0,0
8645,1,0
8641,0,0
8640,0,0
8631,0,0
8629,0,0
8628,0,0
8627,0,0
8620,0,0
8617,0,0
8616,1,0
8614,0,0
8612,0,0
8611,0,0
8605,0,0
8603,0,0
8602,0,0
8600,0,0
8597,0,0
8593,0,0
8590,0,0
8588,0,0
8579,1,0
8578,1,0
8577,0,0
8575,0,0
8574,0,0
8573,0,0
8572,0,0
8569,0,0
8568,0,0
8562,0,0
8546,0,0
8544,0,0
8543,0,0
8542,1,0
8541,1,0
8540,0,0
8539,0,0
8538,0,0
8537,1,0
8407,0,0
8404,0,0
8400,0,0
8396,0,0
8395,0,0
8392,1,0
8383,0,0
8382,0,0
8347,0,0
8326,0,0
8325,0,0
8321,0,0
8317,0,0
8316,1,0
8288,1,0
8287,1,0
8286,1,0
8283,0,0
8281,0,0
8280,1,0
8279,1,0
8278,0,0
8277,0,0
8276,1,0
8261,0,0
8259,0,0
8243,0,0
8240,0,0
8229,0,0
8214,0,0
8194,0,0
8192,0,0
8183,0,0
8182,0,0
8181,0,0
8180,0,0
8177,0,0
8176,0,0
8174,0,0
8173,0,0
8166,0,0
8162,0,0
8161,0,0
8160,0,0
8158,0,0
8156,0,0
8155,0,0
8154,0,0
8152,0,0
8138,1,0
8134,0,0
8133,0,0
8131,0,0
8126,0,0
8124,0,0
8123,0,0
8120,1,0
8119,0,0
8114,0,0
8113,0,0
8108,1,0
8100,0,0
8089,1,0
8048,1,0
8044,1,0
8043,0,0
8042,0,0
8038,1,0
8036,0,0
8032,1,0
8030,1,0
8029,1,0
8027,1,0
8022,1,0
8020,1,0
8015,1,0
8009,1,0
8008,0,0
8004,0,0
8003,0,0
8001,0,0
8000,0,0
7997,1,0
7996,0,0
7994,0,0
7990,1,0
7988,0,0
7987,0,0
7986,1,0
7985,1,0
7984,1,0
7981,1,0
7980,1,0
7979,1,0
7976,0,0
7971,0,0
7968,0,0
7965,0,0
7962,0,0
7961,0,0
7960,0,0
7958,0,0
7957,0,0
7956,0,0
7955,0,0
7953,0,0
7951,0,0
7949,0,0
7948,0,0
7945,0,0
7944,0,0
7940,0,0
7932,0,0
7922,0,0
7921,0,0
7919,0,0
7914,0,0
7912,0,0
7906,1,0
7905,1,0
7897,0,0
7896,0,0
7892,1,0
7889,1,0
7882,0,0
7876,1,0
7873,1,0
7872,0,0
7871,0,0
7862,0,0
7857,0,0
7854,0,0
7852,0,0
7850,1,0
7849,0,0
7848,0,0
7846,0,0
7844,0,0
7839,0,0
7833,1,0
7830,0,0
7825,0,0
7824,0,0
7820,0,0
7818,0,0
7817,0,0
7816,0,0
7815,1,0
7814,1,0
7797,0,0
7795,0,0
7794,0,0
7791,0,0
7789,0,0
7787,0,0
7784,0,0
7782,0,0
7780,0,0
7779,0,0
7775,1,0
7767,0,0
7764,0,0
7763,1,0
7759,0,0
7757,0,0
7754,0,0
7753,0,0
7752,1,0
7751,1,0
7750,0,0
7746,0,0
7745,0,0
7741,0,0
7740,0,0
7738,0,0
7732,0,0
7730,0,0
7729,0,0
7728,0,0
7714,0,0
7710,0,0
7706,0,0
7703,0,0
7702,0,0
7700,0,0
7695,0,0
7691,0,0
7686,0,0
7683,0,0
7673,0,0
7666,0,0
7664,0,0
7656,0,0
7652,0,0
7651,0,0
7642,1,0
7641,1,0
7637,0,0
7631,1,0
7609,0,0
7599,1,0
7590,1,0
7588,0,0
7585,0,0
7584,0,0
7580,1,0
7579,0,0
7577,1,0
7574,1,0
7558,1,0
7551,1,0
7549,0,0
7546,0,0
7545,0,0
7543,1,0
7541,0,0
7538,0,0
7534,0,0
7533,0,0
7531,0,0
7529,0,0
7527,0,0
7526,0,0
7523,0,0
7520,1,0
7518,1,0
7513,1,0
7508,1,0
7505,1,0
7499,1,0
7497,0,0
7495,0,0
7486,1,0
7484,1,0
7462,1,0
7461,0,0
7459,0,0
7457,1,0
7456,0,0
7455,0,0
7452,0,0
7446,1,0
7440,0,0
7439,0,0
7438,1,0
7436,1,0
7432,1,0
7430,0,0
7428,1,0
7427,0,0
7426,1,0
7425,0,0
7423,1,0
7421,0,0
7417,1,0
7414,0,0
7413,0,0
7411,0,0
7409,1,0
7403,1,0
7400,1,0
7396,0,0
7394,1,0
7390,0,0
7380,1,0
7372,1,0
7366,0,0
7365,1,0
7339,0,0
7334,0,0
7333,0,0
7332,0,0
7324,0,0
7320,0,0
7316,0,0
7312,1,0
7308,1,0
7305,1,0
7301,1,0
7299,0,0
7293,0,0
7282,1,0
7281,1,0
7280,1,0
7278,0,0
7277,0,0
7273,1,0
7271,0,0
7270,0,0
7268,1,0
7265,1,0
7264,0,0
7261,0,0
7251,1,0
7247,0,0
7246,0,0
7244,0,0
7243,0,0
7236,1,0
7231,1,0
7230,1,0
7229,1,0
7228,0,0
7225,1,0
7219,0,0
7217,0,0
7216,0,0
7213,0,0
7212,0,0
7211,1,0
7206,0,0
7201,0,0
7192,1,0
7191,0,0
7190,0,0
7189,0,0
7173,1,0
7171,0,0
7170,1,0
7167,0,0
7164,0,0
7163,0,0
7162,0,0
7159,0,0
7157,0,0
7156,0,0
7153,0,0
7152,0,0
7150,0,0
7146,0,0
7145,0,0
7144,0,0
7143,0,0
7142,0,0
7141,0,0
7139,0,0
7138,0,0
7137,0,0
7136,0,0
7135,0,0
7134,0,0
7133,0,0
7128,0,0
7126,0,0
7125,0,0
7124,0,0
7123,0,0
7122,0,0
7121,0,0
7117,0,0
7109,1,0
7103,1,0
7102,1,0
7100,1,0
7099,0,0
7098,0,0
7097,0,0
7096,0,0
7093,0,0
7087,0,0
7081,1,0
7078,0,0
7077,1,0
7076,1,0
7073,0,0
7020,1,0
7019,1,0
7015,1,0
7011,0,0
7004,1,0
7003,0,0
6997,0,0
6996,0,0
6994,0,0
6992,0,0
6991,0,0
6988,0,0
6987,0,0
6985,0,0
6984,0,0
6981,1,0
6978,1,0
6975,1,0
6973,0,0
6963,0,0
6962,1,0
6955,0,0
6952,0,0
6951,0,0
6950,0,0
6938,1,0
6936,0,0
6935,0,0
6934,0,0
6933,0,0
6932,0,0
6931,0,0
6930,0,0
6927,0,0
6925,0,0
6924,0,0
6923,0,0
6922,0,0
6921,0,0
6920,0,0
6918,0,0
6897,0,0
6894,0,0
6893,0,0
6892,0,0
6889,0,0
6888,0,0
6887,1,0
6886,1,0
6885,0,0
6884,0,0
6881,0,0
6880,0,0
6876,0,0
6871,0,0
6870,0,0
6869,0,0
6868,0,0
6867,0,0
6865,1,0
6859,0,0
6857,0,0
6856,0,0
6851,1,0
6849,1,0
6846,0,0
6842,1,0
6841,0,0
6840,0,0
6839,0,0
6835,0,0
6834,0,0
6833,0,0
6832,0,0
6825,0,0
6824,1,0
6822,1,0
6821,0,0
6818,0,0
6817,1,0
6813,0,0
6810,1,0
6803,0,0
6802,0,0
6801,0,0
6800,1,0
6798,1,0
6797,1,0
6794,0,0
6793,1,0
6777,0,0
6776,1,0
6773,0,0
6769,0,0
6766,0,0
6765,1,0
6760,0,0
6759,1,0
6757,0,0
6756,1,0
6755,0,0
6749,0,0
6746,0,0
6743,0,0
6741,1,0
6739,1,0
6735,0,0
6734,0,0
6733,0,0
6728,1,0
6725,0,0
6722,0,0
6720,0,0
6717,1,0
6711,0,0
6706,1,0
6705,0,0
6699,0,0
6696,1,0
6693,1,0
6688,1,0
6680,0,0
6677,1,0
6661,0,0
6659,0,0
6657,0,0
6651,0,0
6648,0,0
6647,0,0
6643,0,0
6642,0,0
6636,0,0
6634,0,0
6633,0,0
6632,0,0
6631,0,0
6626,1,0
6625,0,0
6624,0,0
6623,0,0
6618,0,0
6617,0,0
6616,0,0
6615,0,0
6613,0,0
6612,0,0
6606,0,0
6605,0,0
6599,0,0
6596,0,0
6588,0,0
6586,0,0
6583,0,0
6581,0,0
6576,0,0
6573,0,0
6570,0,0
6564,0,0
6554,0,0
6552,0,0
6549,0,0
6535,0,0
6532,0,0
6523,0,0
6522,0,0
6521,0,0
6520,0,0
6503,0,0
6502,0,0
6488,1,0
6481,0,0
6479,1,0
6478,0,0
6477,0,0
6475,0,0
6471,1,0
6469,1,0
6467,1,0
6466,0,0
6461,0,0
6459,0,0
6458,0,0
6456,0,0
6450,1,0
6448,0,0
6444,1,0
6430,0,0
6425,1,0
6423,0,0
6422,0,0
6421,0,0
6420,0,0
6417,0,0
6409,1,0
6407,0,0
6405,0,0
6404,0,0
6396,0,0
6390,0,0
6388,0,0
6386,0,0
6383,0,0
6377,0,0
6374,0,0
6373,1,0
6370,0,0
6364,0,0
6363,0,0
6359,1,0
6356,0,0
6355,0,0
6353,0,0
6350,0,0
6348,0,0
6347,0,0
6346,0,0
6344,1,0
6343,0,0
6340,1,0
6335,0,0
6334,0,0
6333,0,0
6328,0,0
6322,1,0
6321,0,0
6313,1,0
6305,0,0
6288,0,0
6286,0,0
6281,0,0
6280,1,0
6277,0,0
6272,0,0
6270,0,0
6269,0,0
6265,1,0
6264,0,0
6260,0,0
6256,1,0
6254,0,0
6249,0,0
6248,0,0
6244,0,0
6243,0,0
6240,0,0
6239,0,0
6238,0,0
6237,0,0
6234,0,0
6225,1,0
6222,0,0
6217,0,0
6216,0,0
6215,0,0
6214,1,0
6213,0,0
6207,0,0
6196,0,0
6186,0,0
6183,0,0
6181,0,0
6179,0,0
6178,0,0
6177,0,0
6176,0,0
6171,0,0
6164,1,0
6163,1,0
6158,0,0
6152,0,0
6150,1,0
6138,1,0
6132,0,0
6129,0,0
6123,0,0
6122,0,0
6120,0,0
6117,1,0
6116,1,0
6068,1,0
6066,1,0
6065,0,0
6055,0,0
6054,0,0
6053,1,0
6052,0,0
6051,1,0
6040,1,0
6036,1,0
6035,1,0
6034,0,0
6032,0,0
6031,0,0
6019,1,0
6015,0,0
6009,0,0
6004,0,0
6003,0,0
6002,0,0
5989,0,0
5987,0,0
5986,0,0
5985,0,0
5981,0,0
5978,0,0
5976,1,0
5971,0,0
5970,1,0
5964,0,0
5955,0,0
5954,0,0
5945,0,0
5943,1,0
5942,0,0
5935,1,0
5933,0,0
5928,0,0
5923,0,0
5920,0,0
5919,0,0
5908,1,0
5897,0,0
5884,1,0
5883,0,0
5877,0,0
5869,0,0
5862,0,0
5859,0,0
5850,0,0
5839,0,0
5838,0,0
5837,0,0
5833,0,0
5830,0,0
5829,0,0
5828,0,0
5820,1,0
5811,1,0
5810,1,0
5807,0,0
5805,0,0
5788,0,0
5787,1,0
5785,0,0
5784,0,0
5783,1,0
5781,0,0
5780,0,0
5779,0,0
5778,0,0
5775,0,0
5774,0,0
5772,1,0
5771,1,0
5767,1,0
5763,1,0
5751,0,0
5750,0,0
5745,0,0
5743,0,0
5742,0,0
5739,0,0
5737,0,0
5735,0,0
5734,0,0
5733,0,0
5722,1,0
5714,1,0
5712,1,0
5707,1,0
5706,0,0
5700,0,0
5697,0,0
5694,1,0
5683,0,0
5681,0,0
5675,1,0
5672,0,0
5670,0,0
5669,0,0
5668,0,0
5666,0,0
5665,1,0
5664,0,0
5657,0,0
5652,0,0
5646,0,0
5644,1,0
5643,1,0
5640,0,0
5639,0,0
5638,0,0
5636,0,0
5635,0,0
5633,1,0
5632,0,0
5627,0,0
5626,0,0
5624,0,0
5622,0,0
5620,0,0
5619,0,0
5615,1,0
5613,0,0
5611,0,0
5610,0,0
5609,0,0
5605,0,0
5600,0,0
5595,0,0
5594,0,0
5593,0,0
5592,0,0
5590,0,0
5581,0,0
5580,0,0
5578,0,0
5576,0,0
5575,0,0
5572,0,0
5514,1,0
5496,0,0
5495,1,0
5487,0,0
5486,0,0
5484,0,0
5482,0,0
5474,1,0
5467,0,0
5465,1,0
5448,0,0
5447,1,0
5443,1,0
5441,0,0
5436,0,0
5433,0,0
5431,0,0
5430,0,0
5425,0,0
5424,0,0
5422,0,0
5421,0,0
5419,1,0
5416,0,0
5414,0,0
5413,0,0
5408,1,0
5406,0,0
5405,0,0
5400,0,0
5397,0,0
5392,0,0
5391,0,0
5382,0,0
5379,0,0
5378,0,0
5376,0,0
5375,0,0
5374,0,0
5365,0,0
5364,0,0
5363,0,0
5362,0,0
5359,1,0
5358,0,0
5357,0,0
5353,0,0
5342,1,0
5331,0,0
5319,1,0
5314,0,0
5297,0,0
5281,0,0
5258,0,0
5254,0,0
5253,0,0
5236,1,0
5230,1,0
5225,1,0
5212,0,0
5211,0,0
5209,1,0
5205,0,0
5200,1,0
5194,0,0
5186,1,0
5173,1,0
5167,1,0
5163,0,0
5160,1,0
5140,0,0
5139,0,0
5138,0,0
5131,0,0
5130,0,0
5123,0,0
5120,0,0
5119,0,0
5118,0,0
5117,0,0
5116,0,0
5111,0,0
5109,0,0
5106,0,0
5102,0,0
5094,1,0
5092,0,0
5091,0,0
5090,0,0
5089,0,0
5088,0,0
5086,0,0
5085,0,0
5083,0,0
5078,0,0
5076,0,0
5067,0,0
5065,0,0
5060,0,0
5058,0,0
5052,0,0
5048,0,0
5041,1,0
5040,0,0
5039,0,0
5032,1,0
5028,1,0
5026,0,0
5025,0,0
5017,1,0
5007,0,0
5006,1,0
5001,0,0
5000,1,0
4998,1,0
4989,1,0
4969,0,0
4962,1,0
4952,0,0
4949,0,0
4948,0,0
4946,0,0
4938,0,0
4937,0,0
4935,0,0
4933,0,0
4927,0,0
4918,0,0
4917,0,0
4914,0,0
4910,0,0
4901,0,0
4895,0,0
4879,0,0
4878,0,0
4877,0,0
4875,0,0
4868,0,0
4867,0,0
4866,0,0
4860,0,0
4857,0,0
4853,0,0
4848,0,0
4845,0,0
4832,0,0
4830,0,0
4821,0,0
4819,0,0
4817,0,0
4808,0,0
4798,0,0
4797,0,0
4792,0,0
4781,0,0
4779,0,0
4778,0,0
4777,0,0
4775,0,0
4774,0,0
4772,0,0
4770,0,0
4767,0,0
4766,0,0
4764,0,0
4763,0,0
4761,0,0
4759,0,0
4758,0,0
4757,0,0
4755,0,0
4752,0,0
4749,0,0
4746,0,0
4744,0,0
4742,0,0
4739,0,0
4733,0,0
4731,0,0
4730,0,0
4728,0,0
4725,1,0
4722,0,0
4721,0,0
4716,0,0
4711,0,0
4709,0,0
4704,0,0
4695,0,0
4690,1,0
4682,1,0
4678,0,0
4660,0,0
4651,1,0
4646,0,0
4644,0,0
4642,0,0
4640,0,0
4639,0,0
4635,0,0
4627,0,0
4620,0,0
4603,1,0
4592,0,0
4586,0,0
4583,0,0
4582,0,0
4581,0,0
4578,0,0
4577,0,0
4574,0,0
4565,0,0
4562,0,0
4554,1,0
4550,0,0
4544,0,0
4505,0,0
4504,0,0
4502,0,0
4500,0,0
4498,0,0
4492,0,0
4491,0,0
4489,0,0
4488,0,0
4487,0,0
4483,1,0
4479,0,0
4465,0,0
4462,1,0
4461,0,0
4459,0,0
4449,1,0
4441,0,0
4437,0,0
4394,1,0
4390,1,0
4389,0,0
4386,0,0
4379,0,0
4378,0,0
4377,0,0
4374,0,0
4372,0,0
4371,0,0
4367,0,0
4364,0,0
4350,0,0
4349,0,0
4342,0,0
4327,0,0
4324,0,0
4322,0,0
4318,0,0
4315,0,0
4314,0,0
4312,0,0
4310,0,0
4309,0,0
4304,0,0
4303,0,0
4301,0,0
4300,0,0
4294,1,0
4291,0,0
4280,1,0
4272,0,0
4257,0,0
4247,1,0
4245,0,0
4244,0,0
4243,0,0
4240,0,0
4226,0,0
4219,0,0
4209,0,0
4207,0,0
4201,0,0
4198,0,0
4189,0,0
4187,0,0
4179,0,0
4144,1,0
4115,1,0
4112,0,0
4111,1,0
4110,1,0
4107,0,0
4106,0,0
4105,0,0
4101,0,0
4086,0,0
4083,0,0
4080,0,0
4075,0,0
4074,0,0
4072,0,0
4071,0,0
4067,0,0
4066,0,0
4060,0,0
4056,0,0
4051,0,0
4041,1,0
4039,0,0
4037,0,0
4028,1,0
4027,0,0
4026,0,0
4024,0,0
4023,0,0
4022,0,0
4014,1,0
4007,1,0
3992,0,0
3990,0,0
3988,1,0
3987,1,0
3984,0,0
3980,0,0
3978,0,0
3976,0,0
3972,0,0
3971,0,0
3966,0,0
3965,0,0
3963,1,0
3962,0,0
3959,0,0
3957,0,0
3953,1,0
3945,1,0
3936,0,0
3934,0,0
3932,0,0
3926,0,0
3924,0,0
3921,1,0
3919,0,0
3918,0,0
3916,0,0
3914,0,0
3912,0,0
3911,0,0
3908,0,0
3894,0,0
3890,0,0
3888,0,0
3887,0,0
3886,0,0
3885,0,0
3884,1,0
3882,0,0
3880,0,0
3878,0,0
3877,0,0
3873,0,0
3871,0,0
3868,0,0
3867,0,0
3866,1,0
3865,0,0
3855,1,0
3835,0,0
3831,0,0
3826,0,0
3822,0,0
3821,0,0
3819,0,0
3818,0,0
3817,0,0
3816,0,0
3814,1,0
3813,0,0
3811,0,0
3809,0,0
3808,0,0
3804,0,0
3801,0,0
3800,0,0
3799,0,0
3798,0,0
3795,0,0
3794,0,0
3792,0,0
3791,0,0
3790,0,0
3785,0,0
3780,0,0
3779,0,0
3776,0,0
3774,0,0
3773,0,0
3772,0,0
3770,0,0
3769,0,0
3768,0,0
3767,0,0
3765,0,0
3764,0,0
3763,0,0
3762,0,0
3761,0,0
3758,0,0
3757,0,0
3756,0,0
3755,0,0
3753,0,0
3752,0,0
3751,0,0
3750,0,0
3749,0,0
3747,0,0
3746,0,0
3745,0,0
3743,0,0
3740,0,0
3739,0,0
3736,0,0
3735,0,0
3734,0,0
3732,0,0
3729,1,0
3728,0,0
3727,0,0
3725,0,0
3724,0,0
3722,0,0
3719,0,0
3711,0,0
3707,0,0
3706,1,0
3701,0,0
3697,0,0
3694,0,0
3693,1,0
3691,0,0
3685,0,0
3684,0,0
3683,0,0
3681,0,0
3675,0,0
3674,0,0
3673,0,0
3667,0,0
3666,0,0
3663,0,0
3662,0,0
3657,1,0
3654,0,0
3652,0,0
3650,0,0
3648,1,0
3646,0,0
3645,0,0
3640,0,0
3639,1,0
3638,0,0
3633,0,0
3629,0,0
3623,1,0
3620,0,0
3617,1,0
3616,1,0
3615,0,0
3613,0,0
3612,0,0
3610,0,0
3609,0,0
3608,0,0
3604,0,0
3603,0,0
3600,0,0
3599,0,0
3598,0,0
3597,0,0
3596,0,0
3595,0,0
3594,0,0
3593,0,0
3590,0,0
3588,0,0
3582,0,0
3580,0,0
3579,0,0
3578,1,0
3574,0,0
3572,1,0
3562,1,0
3553,0,0
3551,0,0
3550,0,0
3549,0,0
3548,0,0
3547,0,0
3541,0,0
3538,0,0
3532,0,0
3530,0,0
3529,0,0
3520,0,0
3519,0,0
3518,0,0
3512,0,0
3510,0,0
3508,0,0
3507,0,0
3502,0,0
3501,0,0
3499,0,0
3491,0,0
3490,0,0
3489,0,0
3488,0,0
3487,0,0
3485,0,0
3484,0,0
3478,0,0
3476,0,0
3475,0,0
3467,0,0
3463,0,0
3462,0,0
3461,0,0
3455,0,0
3451,0,0
3450,0,0
3449,0,0
3447,0,0
3446,0,0
3442,0,0
3441,0,0
3437,0,0
3435,0,0
3434,0,0
3433,0,0
3431,0,0
3429,0,0
3428,0,0
3419,0,0
3418,1,0
3417,0,0
3416,0,0
3414,1,0
3405,1,0
3404,0,0
3403,0,0
3402,0,0
3400,0,0
3399,0,0
3396,0,0
3395,0,0
3393,1,0
3392,0,0
3391,0,0
3390,0,0
3389,0,0
3387,0,0
3385,0,0
3384,0,0
3383,0,0
3382,0,0
3375,1,0
3374,0,0
3373,0,0
3372,0,0
3370,0,0
3369,0,0
3368,0,0
3367,0,0
3366,0,0
3365,0,0
3364,0,0
3363,0,0
3362,0,0
3361,0,0
3360,0,0
3359,0,0
3356,0,0
3351,0,0
3350,0,0
3349,0,0
3348,0,0
3347,0,0
3346,0,0
3343,0,0
3341,0,0
3338,0,0
3337,0,0
3336,0,0
3334,0,0
3333,0,0
3332,0,0
3331,0,0
3326,0,0
3325,0,0
3324,0,0
3318,0,0
3313,0,0
3312,0,0
3311,0,0
3309,0,0
3308,0,0
3307,0,0
3306,0,0
3305,0,0
3304,0,0
3301,0,0
3300,0,0
3299,0,0
3297,0,0
3293,0,0
3292,0,0
3288,1,0
3283,0,0
3281,0,0
3278,0,0
3277,1,0
3276,0,0
3275,0,0
3274,0,0
3273,0,0
3268,0,0
3264,0,0
3262,0,0
3261,0,0
3258,0,0
3255,0,0
3254,0,0
3253,0,0
3252,0,0
3249,0,0
3248,0,0
3246,0,0
3245,0,0
3242,1,0
3239,0,0
3231,0,0
3230,0,0
3224,0,0
3221,0,0
3220,0,0
3219,0,0
3218,0,0
3217,0,0
3215,0,0
3213,0,0
3212,0,0
3209,0,0
3208,0,0
3207,0,0
3205,0,0
3203,0,0
3201,0,0
3199,0,0
3198,0,0
3197,0,0
3196,0,0
3195,0,0
3192,0,0
3191,0,0
3181,0,0
3178,0,0
3176,0,0
3175,0,0
3174,0,0
3172,0,0
3170,0,0
3169,0,0
3168,0,0
3159,0,0
3156,0,0
3155,0,0
3154,0,0
3152,0,0
3151,0,0
3150,0,0
3149,0,0
3147,0,0
3146,0,0
3145,0,0
3144,0,0
3143,0,0
3141,0,0
3140,0,0
3139,0,0
3133,0,0
3130,0,0
3127,0,0
3122,0,0
3118,0,0
3117,0,0
3116,0,0
3113,0,0
3110,0,0
3109,0,0
3108,0,0
3107,0,0
3106,0,0
3102,0,0
3097,0,0
3095,0,0
3092,0,0
3087,0,0
3086,0,0
3085,0,0
3084,0,0
3083,0,0
3080,0,0
3079,0,0
3063,0,0
3062,0,0
3058,0,0
3055,0,0
3054,0,0
3053,0,0
3051,0,0
3050,0,0
3049,1,0
3048,0,0
3047,0,0
3044,0,0
3037,0,0
3034,0,0
3033,0,0
3031,0,0
3026,0,0
3019,0,0
3018,0,0
3017,0,0
3016,0,0
3015,0,0
3014,0,0
3012,0,0
3011,0,0
3004,0,0
3001,0,0
3000,0,0
2983,0,0
2982,0,0
2981,0,0
2972,0,0
2969,0,0
2968,0,0
2961,0,0
2960,0,0
2959,0,0
2957,0,0
2956,0,0
2858,0,0
2854,0,0
2842,0,0
2831,0,0
2824,0,0
2820,0,0
2819,0,0
2812,0,0
2808,1,0
2807,0,0
2806,0,0
2805,0,0
2798,0,0
2797,0,0
2791,0,0
2777,0,0
2772,0,0
2771,0,0
2770,0,0
2769,0,0
2768,0,0
2765,0,0
2763,1,0
2754,0,0
2753,0,0
2750,0,0
2748,1,0
2747,0,0
2744,0,0
2743,0,0
2742,0,0
2740,0,0
2734,0,0
2731,0,0
2730,0,0
2729,0,0
2727,1,0
2726,0,0
2725,0,0
2724,0,0
2723,0,0
2718,0,0
2709,0,0
2708,0,0
2707,0,0
2706,0,0
2696,0,0
2695,0,0
2694,0,0
2691,0,0
2690,0,0
2685,0,0
2678,0,0
2677,0,0
2676,0,0
2664,0,0
2663,0,0
2661,0,0
2660,0,0
2659,0,0
2651,0,0
2648,0,0
2638,0,0
2631,0,0
2626,0,0
2622,0,0
2617,0,0
2615,0,0
2614,0,0
2612,0,0
2610,0,0
2607,0,0
2606,0,0
2604,0,0
2603,0,0
2602,0,0
2601,0,0
2597,0,0
2590,0,0
2589,0,0
2584,0,0
2580,0,0
2579,0,0
2578,0,0
2577,0,0
2576,0,0
2575,0,0
2574,0,0
2573,0,0
2571,0,0
2570,0,0
2569,0,0
2566,0,0
2565,0,0
2563,0,0
2561,0,0
2560,0,0
2559,0,0
2558,0,0
2557,0,0
2554,0,0
2550,0,0
2546,0,0
2545,0,0
2537,0,0
2536,0,0
2529,0,0
2517,0,0
2515,1,0
2508,0,0
2505,0,0
2498,0,0
2490,0,0
2435,0,0
2433,0,0
2432,0,0
2428,0,0
2427,0,0
2426,0,0
2423,0,0
2422,0,0
2417,0,0
2413,0,0
2412,0,0
2409,0,0
2405,0,0
2403,0,0
2402,0,0
2401,0,0
2399,1,0
2398,0,0
2396,0,0
2395,0,0
2394,0,0
2393,0,0
2392,0,0
2382,0,0
2377,0,0
2376,0,0
2375,0,0
2374,0,0
2366,1,0
2365,0,0
2360,0,0
2356,0,0
2350,0,0
2346,0,0
2343,0,0
2334,0,0
2333,0,0
2311,0,0
2302,0,0
2300,0,0
2295,0,0
2289,0,0
2278,1,0
2277,0,0
2276,0,0
2275,1,0
2274,0,0
2273,0,0
2272,0,0
2271,0,0
2270,0,0
2269,0,0
2267,0,0
2266,0,0
2265,0,0
2264,0,0
2263,1,0
2257,0,0
2256,0,0
2250,0,0
2249,0,0
2245,0,0
2244,0,0
2242,0,0
2240,0,0
2239,0,0
2236,0,0
2235,0,0
2233,0,0
2232,0,0
2228,0,0
2226,0,0
2222,0,0
2218,0,0
2215,0,0
2209,0,0
2208,0,0
2207,0,0
2206,0,0
2204,0,0
2203,0,0
2201,0,0
2198,0,0
2195,0,0
2190,0,0
2188,0,0
2186,0,0
2184,0,0
2183,0,0
2182,0,0
2181,0,0
2180,0,0
2179,0,0
2178,0,0
2175,0,0
2174,0,0
2165,0,0
2160,0,0
2150,0,0
2149,0,0
2148,0,0
2147,1,0
2146,0,0
2145,0,0
2137,0,0
2134,1,0
2132,0,0
2127,0,0
2118,1,0
2113,0,0
2106,0,0
2104,0,0
2101,0,0
2094,0,0
2093,0,0
2082,0,0
2081,0,0
2079,0,0
2069,0,0
2068,1,0
2064,0,0
2061,0,0
2055,0,0
2053,0,0
2052,0,0
2051,0,0
2049,0,0
2048,0,0
2047,0,0
2046,0,0
2045,0,0
2044,0,0
2043,0,0
2042,0,0
2040,0,0
2018,0,0
2017,0,0
2015,0,0
2014,0,0
2013,0,0
2009,0,0
2008,0,0
2007,0,0
2006,0,0
2005,0,0
2004,0,0
2003,0,0
2002,0,0
2001,0,0
1997,0,0
1996,0,0
1995,0,0
1994,0,0
1993,0,0
1992,0,0
1991,0,0
1990,0,0
1989,0,0
1988,0,0
1987,0,0
1984,0,0
1983,0,0
1981,0,0
1980,0,0
1979,0,0
1978,0,0
1977,0,0
1974,0,0
1972,0,0
1970,0,0
1969,0,0
1968,0,0
1961,0,0
1956,0,0
1955,0,0
1953,0,0
1951,0,0
1949,0,0
1946,0,0
1944,0,0
1941,0,0
1937,0,0
1935,0,0
1932,0,0
1931,0,0
1930,0,0
1929,0,0
1926,0,0
1923,0,0
1922,0,0
1921,0,0
1920,0,0
1919,0,0
1916,0,0
1915,0,0
1914,0,0
1913,0,0
1912,0,0
1908,0,0
1907,0,0
1903,0,0
1900,0,0
1896,0,0
1894,0,0
1893,0,0
1892,0,0
1885,0,0
1884,0,0
1881,0,0
1880,0,0
1879,0,0
1878,0,0
1877,0,0
1874,0,0
1872,0,0
1871,0,0
1870,0,0
1867,0,0
1865,0,0
1864,0,0
1863,0,0
1862,0,0
1861,0,0
1860,0,0
1859,0,0
1858,0,0
1857,0,0
1856,0,0
1855,0,0
1854,0,0
1853,0,0
1850,0,0
1849,0,0
1848,0,0
1847,0,0
1846,0,0
1845,0,0
1844,0,0
1841,0,0
1840,0,0
1836,0,0
1835,1,0
1834,0,0
1832,0,0
1828,0,0
1827,0,0
1826,0,0
1825,0,0
1823,0,0
1821,0,0
1819,0,0
1816,0,0
1814,0,0
1812,0,0
1811,0,0
1810,0,0
1807,0,0
1800,0,0
1799,0,0
1797,0,0
1796,0,0
1795,0,0
1794,0,0
1793,0,0
1792,0,0
1791,1,0
1790,0,0
1789,0,0
1788,0,0
1787,0,0
1786,0,0
1785,0,0
1784,0,0
1782,0,0
1780,0,0
1779,0,0
1772,0,0
1771,0,0
1769,0,0
1761,0,0
1759,0,0
1757,0,0
1756,0,0
1754,0,0
1752,0,0
1751,1,0
1631,1,0
1629,0,0
1627,0,0
1626,0,0
1625,0,0
1624,0,0
1622,0,0
1621,0,0
1620,0,0
1608,0,0
1607,0,0
1606,0,0
1605,0,0
1602,0,0
1599,0,0
1597,0,0
1596,0,0
1594,0,0
1593,0,0
1591,0,0
1590,0,0
1588,0,0
1585,0,0
1584,0,0
1579,0,0
1577,0,0
1574,0,0
1572,0,0
1571,0,0
1570,0,0
1569,0,0
1564,0,0
1563,0,0
1562,0,0
1559,0,0
1557,0,0
1556,0,0
1554,0,0
1553,0,0
1552,0,0
1549,0,0
1539,0,0
1521,0,0
1520,0,0
1519,0,0
1518,0,0
1517,0,0
1515,0,0
1514,0,0
1513,0,0
1512,0,0
1510,0,0
1505,0,0
1504,0,0
1497,0,0
1496,0,0
1492,0,0
1490,0,0
1485,0,0
1483,0,0
1481,0,0
1475,1,0
1473,0,0
1471,0,0
1470,0,0
1469,0,0
1468,0,0
1463,0,0
1460,0,0
1457,0,0
1456,0,0
1451,0,0
1449,0,0
1448,0,0
1447,0,0
1445,0,0
1444,0,0
1441,0,0
1438,0,0
1437,0,0
1436,0,0
1435,0,0
1430,0,0
1428,0,0
1425,0,0
1421,0,0
1419,0,0
1418,0,0
1417,0,0
1416,0,0
1413,0,0
1409,0,0
1407,0,0
1406,0,0
1405,0,0
1404,0,0
1403,0,0
1402,0,0
1401,0,0
1400,0,0
1399,0,0
1398,0,0
1397,0,0
1396,0,0
1395,0,0
1394,0,0
1393,0,0
1391,0,0
1388,0,0
1387,0,0
1385,0,0
1384,0,0
1383,0,0
1382,0,0
1381,0,0
1380,0,0
1379,0,0
1378,0,0
1377,0,0
1376,0,0
1375,0,0
1374,0,0
1373,0,0
1372,0,0
1371,0,0
1370,0,0
1369,0,0
1368,0,0
1366,0,0
1365,0,0
1363,0,0
1362,0,0
1360,0,0
1359,0,0
1358,0,0
1357,0,0
1356,0,0
1354,0,0
1352,0,0
1351,0,0
1349,0,0
1348,0,0
1347,0,0
1346,0,0
1345,0,0
1344,0,0
1343,0,0
1342,0,0
1340,0,0
1339,0,0
1334,0,0
1333,0,0
1332,0,0
1330,0,0
1329,0,0
1328,0,0
1327,0,0
1325,0,0
1324,0,0
1323,0,0
1322,0,0
1319,0,0
1318,0,0
1317,0,0
1316,0,0
1315,0,0
1314,0,0
1313,0,0
1311,0,0
1310,0,0
1309,0,0
1306,0,0
1305,0,0
1300,0,0
1299,0,0
1298,0,0
1295,0,0
1288,0,0
1285,0,0
1283,1,0
1282,0,0
1281,0,0
1279,0,0
1278,0,0
1276,0,0
1274,0,0
1273,0,0
1272,0,0
1271,0,0
1270,0,0
1269,0,0
1268,0,0
1266,0,0
1265,0,0
1263,0,0
1261,0,0
1260,0,0
1258,0,0
1256,0,0
1255,0,0
1254,0,0
1253,0,0
1252,0,0
1250,0,0
1249,0,0
1245,0,0
1244,0,0
1243,0,0
1242,0,0
1241,0,0
1238,0,0
1236,0,0
1232,0,0
1231,0,0
1229,1,0
1228,0,0
1227,0,0
1226,0,0
1225,0,0
1223,0,0
1222,0,0
1214,0,0
1210,0,0
1207,0,0
1206,0,0
1204,0,0
1202,0,0
1201,0,0
1200,0,0
1197,0,0
1195,0,0
1192,0,0
1191,0,0
1189,0,0
1188,0,0
1185,0,0
1182,0,0
1179,0,0
1173,0,0
1170,0,0
1169,0,0
1168,0,0
1166,0,0
1163,0,0
1156,0,0
1155,0,0
1154,0,0
1153,0,0
1152,0,0
1151,0,0
1148,0,0
1147,0,0
1146,0,0
1133,0,0
1132,0,0
1130,0,0
1129,0,0
1124,0,0
1118,0,0
1117,0,0
1113,0,0
1109,0,0
1105,0,0
1104,0,0
1103,0,0
1099,0,0
1097,0,0
1096,0,0
1094,0,0
1093,0,0
1092,0,0
1082,0,0
1080,0,0
1077,0,0
1076,0,0
1075,0,0
1074,0,0
1071,0,0
1070,0,0
1069,0,0
1068,0,0
1067,0,0
1065,0,0
1064,0,0
1061,0,0
1059,0,0
1058,0,0
1051,0,0
1040,0,0
1038,0,0
1036,0,0
1034,0,0
1033,0,0
1031,1,0
1030,0,0
1029,0,0
1026,0,0
1025,0,0
1017,0,0
1015,0,0
1013,0,0
1008,0,0
1007,0,0
996,0,0
995,0,0
993,0,0
978,0,0
922,0,0
921,0,0
920,0,0
915,0,0
913,0,0
899,0,0
896,0,0
893,0,0
891,0,0
888,0,0
884,0,0
883,0,0
